Paint_ID,Company,Brand,Product_Line,Product_Line_Code,Paint_Code,Paint_Name,Normalized_Name,Hex,R,G,B,RGB,Paint_Type,Status,Source,Notes,Swatch,AK_Source_Name,AK_Source_Line,AK_Source_URL,Nearest_GW_Product_Line,Nearest_GW_Paint_Name,Nearest_GW_Hex,GW_RGB_Distance
AK_3GEN_AFRO_SHADOW,AK Interactive,AK 3rd Gen,3rd Gen,3GEN,,Afro Shadow,AFRO SHADOW,#4B0082,75,0,130,75:0:130,Acrylic/Metallic comparison color,Active/Unknown,883483738-7-in-1-comparison-tool-stahly-V15.pdf,"Extracted from 7-in-1 comparison tool; use as reference, not canonical. Hex/RGB manually fixed from user-updated Missing_Color_Audit.",,Afro Shadow,Manual Color Fix,,,,,
AK_3GEN_ALGA_GREEN,AK Interactive,AK 3rd Gen,3rd Gen,3GEN,AK-11152,Alga Green,ALGA GREEN,#565F22,86,95,34,86:95:34,Acrylic/Metallic comparison color,Active/Unknown,AK Interactive source workbooks,Hex/RGB filled from 3rd Gen General source workbook; nearest GW match calculated from GW registry for comparison only.,,Alga Green,3rd Gen General,https://ak-interactive.com/product/alga-green-standard/,Base,Deathworld Forest,#5D6732,19.21
AK_3GEN_ALUMINIUM,AK Interactive,AK 3rd Gen,3rd Gen,3GEN,AK-11207,Aluminium,ALUMINIUM,#AEAEAE,174,174,174,174:174:174,Acrylic/Metallic comparison color,Active/Unknown,AK Interactive source workbooks,Hex/RGB filled from 3rd Gen General source workbook; nearest GW match calculated from GW registry for comparison only.,,Aluminium,3rd Gen General,https://ak-interactive.com/product/aluminium-metallic-2/,Dry,Longbeard Grey,#B4AEAE,6
AK_3GEN_AMARANTH_RED,AK Interactive,AK 3rd Gen,3rd Gen,3GEN,AK-11086,Amaranth Red,AMARANTH RED,#D04F28,208,79,40,208:79:40,Acrylic/Metallic comparison color,Active/Unknown,AK Interactive source workbooks,Hex/RGB filled from 3rd Gen General source workbook; nearest GW match calculated from GW registry for comparison only.,,Amaranth Red,3rd Gen General,https://ak-interactive.com/product/amaranth-red-standard/,Dry,Ryza Rust,#CE6426,21.19
AK_3GEN_AMETHYST_BLUE,AK Interactive,AK 3rd Gen,3rd Gen,3GEN,AK-11183,Amethyst Blue,AMETHYST BLUE,#322B47,50,43,71,50:43:71,Acrylic/Metallic comparison color,Active/Unknown,AK Interactive source workbooks,Hex/RGB filled from 3rd Gen General source workbook; nearest GW match calculated from GW registry for comparison only.,,Amethyst Blue,3rd Gen General,https://ak-interactive.com/product/amethyst-blue-standard/,Base,Naggaroth Night,#3E3355,20.1
AK_3GEN_ANODIZED_VIOLET,AK Interactive,AK 3rd Gen,3rd Gen,3GEN,AK-11202,Anodized Violet,ANODIZED VIOLET,#9A8494,154,132,148,154:132:148,Acrylic/Metallic comparison color,Active/Unknown,AK Interactive source workbooks,Hex/RGB filled from 3rd Gen General source workbook; nearest GW match calculated from GW registry for comparison only.,,Anodized Violet,3rd Gen General,https://ak-interactive.com/product/anodized-violet-metallic/,Layer,Slaanesh Grey,#8E8C97,14.73
AK_3GEN_ANTHRACITE_GREY,AK Interactive,AK 3rd Gen,3rd Gen,3GEN,AK-11167,Anthracite Grey,ANTHRACITE GREY,#1D2A2C,29,42,44,29:42:44,Acrylic/Metallic comparison color,Active/Unknown,AK Interactive source workbooks,Hex/RGB filled from 3rd Gen General source workbook; nearest GW match calculated from GW registry for comparison only.,,Anthracite Grey,3rd Gen General,https://ak-interactive.com/product/anthracite-grey-standard/,Base,Abaddon Black,#231F20,17.35
AK_3GEN_AQUATIC_TURQUOISE,AK Interactive,AK 3rd Gen,3rd Gen,3GEN,AK-11170,Aquatic Turquoise,AQUATIC TURQUOISE,#006558,0,101,88,0:101:88,Acrylic/Metallic comparison color,Active/Unknown,AK Interactive source workbooks,Hex/RGB filled from 3rd Gen General source workbook; nearest GW match calculated from GW registry for comparison only.,,Aquatic Turquoise,3rd Gen General,https://ak-interactive.com/product/aquatic-turquoise-standard/,New/Current or Comparison,Sotek Green,#006B5A,6.32
AK_3GEN_ASH_GREY,AK Interactive,AK 3rd Gen,3rd Gen,3GEN,AK-11024,Ash Grey,ASH GREY,#42433A,66,67,58,66:67:58,Acrylic/Metallic comparison color,Active/Unknown,AK Interactive source workbooks,Hex/RGB filled from 3rd Gen General source workbook; nearest GW match calculated from GW registry for comparison only.,,Ash Grey,3rd Gen General,https://ak-interactive.com/product/ash-grey-standard/,Layer,Skavenblight Dinge,#48413B,6.4
AK_3GEN_ASTRAL_BERYLLIUM,AK Interactive,AK 3rd Gen,3rd Gen,3GEN,AK-11200,Astral Beryllium,ASTRAL BERYLLIUM,#7D9F8F,125,159,143,125:159:143,Acrylic/Metallic comparison color,Active/Unknown,AK Interactive source workbooks,Hex/RGB filled from 3rd Gen General source workbook; nearest GW match calculated from GW registry for comparison only.,,Astral Beryllium,3rd Gen General,https://ak-interactive.com/product/astral-beryllium-metallic/,Contrast,Nighthaunt Gloom,#798D96,19.72
AK_3GEN_BASALT_GREY,AK Interactive,AK 3rd Gen,3rd Gen,3GEN,AK-11021,Basalt Grey,BASALT GREY,#5E625E,94,98,94,94:98:94,Acrylic/Metallic comparison color,Active/Unknown,AK Interactive source workbooks,Hex/RGB filled from 3rd Gen General source workbook; nearest GW match calculated from GW registry for comparison only.,,Basalt Grey,3rd Gen General,https://ak-interactive.com/product/basalt-grey-standard/,Base,Warplock Bronze,#695154,22.58
AK_3GEN_BASIC_SKIN_TONE,AK Interactive,AK 3rd Gen,3rd Gen,3GEN,AK-11052,Basic Skin Tone,BASIC SKIN TONE,#F8B57C,248,181,124,248:181:124,Acrylic/Metallic comparison color,Active/Unknown,AK Interactive source workbooks,Hex/RGB filled from 3rd Gen General source workbook; nearest GW match calculated from GW registry for comparison only.,,Basic Skin Tone,3rd Gen General,https://ak-interactive.com/product/basic-skin-tone-standard/,New/Current or Comparison,Kislev Flesh,#F7BD7B,8.12
AK_3GEN_BEAST_BROWN,AK Interactive,AK 3rd Gen,3rd Gen,3GEN,,Beast Brown,BEAST BROWN,#8B4513,139,69,19,139:69:19,Acrylic/Metallic comparison color,Active/Unknown,883483738-7-in-1-comparison-tool-stahly-V15.pdf,"Extracted from 7-in-1 comparison tool; use as reference, not canonical. Hex/RGB manually fixed from user-updated Missing_Color_Audit.",,Beast Brown,Manual Color Fix,,,,,
AK_3GEN_BEIGE,AK Interactive,AK 3rd Gen,3rd Gen,3GEN,AK-11030,Beige,BEIGE,#E1B949,225,185,73,225:185:73,Acrylic/Metallic comparison color,Active/Unknown,AK Interactive source workbooks,Hex/RGB filled from 3rd Gen General source workbook; nearest GW match calculated from GW registry for comparison only.,,Beige,3rd Gen General,https://ak-interactive.com/product/beige-standard/,New/Current or Comparison,Auric Armour Gold,#E7BD42,10.05
AK_3GEN_BEIGE_RED,AK Interactive,AK 3rd Gen,3rd Gen,3GEN,AK-11064,Beige Red,BEIGE RED,#DE935A,222,147,90,222:147:90,Acrylic/Metallic comparison color,Active/Unknown,AK Interactive source workbooks,Hex/RGB filled from 3rd Gen General source workbook; nearest GW match calculated from GW registry for comparison only.,,Beige Red,3rd Gen General,https://ak-interactive.com/product/beige-red-standard/,Layer,Gehenna's Gold,#D49761,12.85
AK_3GEN_BLACK,AK Interactive,AK 3rd Gen,3rd Gen,3GEN,AK-11029,Black,BLACK,#12120C,18,18,12,18:18:12,Acrylic/Metallic comparison color,Active/Unknown,AK Interactive source workbooks,Hex/RGB filled from 3rd Gen General source workbook; nearest GW match calculated from GW registry for comparison only.,,Black,3rd Gen General,https://ak-interactive.com/product/black-intense/,Shade,Nuln Oil,#151203,9.49
AK_3GEN_BLACK_GREEN,AK Interactive,AK 3rd Gen,3rd Gen,3GEN,AK-11160,Black Green,BLACK GREEN,#182116,24,33,22,24:33:22,Acrylic/Metallic comparison color,Active/Unknown,AK Interactive source workbooks,Hex/RGB filled from 3rd Gen General source workbook; nearest GW match calculated from GW registry for comparison only.,,Black Green,3rd Gen General,https://ak-interactive.com/product/black-green-standard/,Base,Abaddon Black,#231F20,15
AK_3GEN_BLACK_PURPLE,AK Interactive,AK 3rd Gen,3rd Gen,3GEN,,Black Purple,BLACK PURPLE,#0F0616,15,6,22,15:6:22,Acrylic/Metallic comparison color,Active/Unknown,883483738-7-in-1-comparison-tool-stahly-V15.pdf,"Extracted from 7-in-1 comparison tool; use as reference, not canonical. Hex/RGB manually fixed from user-updated Missing_Color_Audit.",,Black Purple,Manual Color Fix,,,,,
AK_3GEN_BLACK_RED,AK Interactive,AK 3rd Gen,3rd Gen,3GEN,AK-11098,Black Red,BLACK RED,#43281F,67,40,31,67:40:31,Acrylic/Metallic comparison color,Active/Unknown,AK Interactive source workbooks,Hex/RGB filled from 3rd Gen General source workbook; nearest GW match calculated from GW registry for comparison only.,,Black Red,3rd Gen General,https://ak-interactive.com/product/black-red-standard/,New/Current or Comparison,Warplock Bronze,#393121,13.6
AK_3GEN_BLOOD_RED,AK Interactive,AK 3rd Gen,3rd Gen,3GEN,AK-11089,Blood Red,BLOOD RED,#C6241B,198,36,27,198:36:27,Acrylic/Metallic comparison color,Active/Unknown,AK Interactive source workbooks,Hex/RGB filled from 3rd Gen General source workbook; nearest GW match calculated from GW registry for comparison only.,,Blood Red,3rd Gen General,https://ak-interactive.com/product/blood-red-standard/,Layer,Evil Sunz Scarlet,#C21920,12.73
AK_3GEN_BLUE_GREEN,AK Interactive,AK 3rd Gen,3rd Gen,3GEN,AK-11169,Blue Green,BLUE GREEN,#388678,56,134,120,56:134:120,Acrylic/Metallic comparison color,Active/Unknown,AK Interactive source workbooks,Hex/RGB filled from 3rd Gen General source workbook; nearest GW match calculated from GW registry for comparison only.,,Blue-Green,3rd Gen General,https://ak-interactive.com/product/blue-green-standard/,Shade,Coelia Greenshade,#4A7F79,19.34
AK_3GEN_BLUE_GREY,AK Interactive,AK 3rd Gen,3rd Gen,3GEN,AK-11011,Blue Grey,BLUE GREY,#C7D0CD,199,208,205,199:208:205,Acrylic/Metallic comparison color,Active/Unknown,AK Interactive source workbooks,Hex/RGB filled from 3rd Gen General source workbook; nearest GW match calculated from GW registry for comparison only.,,Blue-Grey,3rd Gen General,https://ak-interactive.com/product/blue-grey-standard/,Layer,Runefang Steel,#C6CBD0,5.92
AK_3GEN_BLUE_VIOLET,AK Interactive,AK 3rd Gen,3rd Gen,3GEN,AK-11070,Blue Violet,BLUE VIOLET,#8A6FA5,138,111,165,138:111:165,Acrylic/Metallic comparison color,Active/Unknown,AK Interactive source workbooks,Hex/RGB filled from 3rd Gen General source workbook; nearest GW match calculated from GW registry for comparison only.,,Blue Violet,3rd Gen General,https://ak-interactive.com/product/blue-violet-standard/,Layer,Genestealer Purple,#7761AA,24.12
AK_3GEN_BORDEAUX_RED,AK Interactive,AK 3rd Gen,3rd Gen,3GEN,AK-11094,Bordeaux Red,BORDEAUX RED,#A23B30,162,59,48,162:59:48,Acrylic/Metallic comparison color,Active/Unknown,AK Interactive source workbooks,Hex/RGB filled from 3rd Gen General source workbook; nearest GW match calculated from GW registry for comparison only.,,Bordeaux Red,3rd Gen General,https://ak-interactive.com/product/bordeaux-red-standard/,Shade,Reikland Fleshshade,#A34529,12.25
AK_3GEN_BRASS,AK Interactive,AK 3rd Gen,3rd Gen,3GEN,AK-11194,Brass,BRASS,#9F5E15,159,94,21,159:94:21,Acrylic/Metallic comparison color,Active/Unknown,AK Interactive source workbooks,Hex/RGB filled from 3rd Gen General source workbook; nearest GW match calculated from GW registry for comparison only.,,Brass,3rd Gen General,https://ak-interactive.com/product/brass-metallic/,New/Current or Comparison,Hashut Copper,#9C5221,17.23
AK_3GEN_BRICK_RED,AK Interactive,AK 3rd Gen,3rd Gen,3GEN,AK-11093,Brick Red,BRICK RED,#9F4529,159,69,41,159:69:41,Acrylic/Metallic comparison color,Active/Unknown,AK Interactive source workbooks,Hex/RGB filled from 3rd Gen General source workbook; nearest GW match calculated from GW registry for comparison only.,,Brick Red,3rd Gen General,https://ak-interactive.com/product/brick-red-standard/,Shade,Reikland Fleshshade,#A34529,4
AK_3GEN_BRITISH_KHAKI,AK Interactive,AK 3rd Gen,3rd Gen,3GEN,AK-11127,British Khaki,BRITISH KHAKI,#674D21,103,77,33,103:77:33,Acrylic/Metallic comparison color,Active/Unknown,AK Interactive source workbooks,Hex/RGB filled from 3rd Gen General source workbook; nearest GW match calculated from GW registry for comparison only.,,British Khaki,3rd Gen General,https://ak-interactive.com/product/british-khaki-standard/,Base,XV-88,#72481E,12.45
AK_3GEN_BRONZE,AK Interactive,AK 3rd Gen,3rd Gen,3GEN,AK-11196,Bronze,BRONZE,#7D5413,125,84,19,125:84:19,Acrylic/Metallic comparison color,Active/Unknown,AK Interactive source workbooks,Hex/RGB filled from 3rd Gen General source workbook; nearest GW match calculated from GW registry for comparison only.,,Bronze,3rd Gen General,https://ak-interactive.com/product/bronze-metallic/,Layer,Balor Brown,#8B5910,15.17
AK_3GEN_BROWN_ROSE,AK Interactive,AK 3rd Gen,3rd Gen,3GEN,AK-11063,Brown Rose,BROWN ROSE,#D98463,217,132,99,217:132:99,Acrylic/Metallic comparison color,Active/Unknown,AK Interactive source workbooks,Hex/RGB filled from 3rd Gen General source workbook; nearest GW match calculated from GW registry for comparison only.,,Brown Rose,3rd Gen General,https://ak-interactive.com/product/brown-rose-standard/,Layer,Bestigor Flesh,#D28B57,15.56
AK_3GEN_BROWNISH_GREEN,AK Interactive,AK 3rd Gen,3rd Gen,3GEN,AK-11151,Brownish Green,BROWNISH GREEN,#574715,87,71,21,87:71:21,Acrylic/Metallic comparison color,Active/Unknown,AK Interactive source workbooks,Hex/RGB filled from 3rd Gen General source workbook; nearest GW match calculated from GW registry for comparison only.,,Brownish Green,3rd Gen General,https://ak-interactive.com/product/brownish-green-standard/,Base,XV-88,#72481E,28.48
AK_3GEN_BUFF,AK Interactive,AK 3rd Gen,3rd Gen,3GEN,AK-11031,Buff,BUFF,#D2AD5D,210,173,93,210:173:93,Acrylic/Metallic comparison color,Active/Unknown,AK Interactive source workbooks,Hex/RGB filled from 3rd Gen General source workbook; nearest GW match calculated from GW registry for comparison only.,,Buff,3rd Gen General,https://ak-interactive.com/product/buff-standard/,Base,Retributor Armour,#CEAE65,9
AK_3GEN_BURNT_RED,AK Interactive,AK 3rd Gen,3rd Gen,3GEN,AK-11097,Burnt Red,BURNT RED,#523125,82,49,37,82:49:37,Acrylic/Metallic comparison color,Active/Unknown,AK Interactive source workbooks,Hex/RGB filled from 3rd Gen General source workbook; nearest GW match calculated from GW registry for comparison only.,,Burnt Red,3rd Gen General,https://ak-interactive.com/product/burnt-red-standard/,Base,Rhinox Hide,#493335,18.47
AK_3GEN_BURNT_TIN,AK Interactive,AK 3rd Gen,3rd Gen,3GEN,AK-11198,Burnt Tin,BURNT TIN,#311B12,49,27,18,49:27:18,Acrylic/Metallic comparison color,Active/Unknown,AK Interactive source workbooks,Hex/RGB filled from 3rd Gen General source workbook; nearest GW match calculated from GW registry for comparison only.,,Burnt Tin,3rd Gen General,https://ak-interactive.com/product/burnt-tin-metallic/,Technical,Stirland Battlemire,#321905,13.19
AK_3GEN_BURNT_UMBER,AK Interactive,AK 3rd Gen,3rd Gen,3GEN,AK-11111,Burnt Umber,BURNT UMBER,#2B2012,43,32,18,43:32:18,Acrylic/Metallic comparison color,Active/Unknown,AK Interactive source workbooks,Hex/RGB filled from 3rd Gen General source workbook; nearest GW match calculated from GW registry for comparison only.,,Burnt Umber,3rd Gen General,https://ak-interactive.com/product/burnt-umber-standard/,Base,Abaddon Black,#231F20,16.16
AK_3GEN_CADMIUM_RED,AK Interactive,AK 3rd Gen,3rd Gen,3GEN,AK-11085,Cadmium Red,CADMIUM RED,#E8592F,232,89,47,232:89:47,Acrylic/Metallic comparison color,Active/Unknown,AK Interactive source workbooks,Hex/RGB filled from 3rd Gen General source workbook; nearest GW match calculated from GW registry for comparison only.,,Cadmium Red,3rd Gen General,https://ak-interactive.com/product/cadmium-red-standard/,Layer,Troll Slayer Orange,#F46C2E,22.49
AK_3GEN_CAMOUFLAGE_GREEN,AK Interactive,AK 3rd Gen,3rd Gen,3GEN,AK-11156,Camouflage Green,CAMOUFLAGE GREEN,#4E411D,78,65,29,78:65:29,Acrylic/Metallic comparison color,Active/Unknown,AK Interactive source workbooks,Hex/RGB filled from 3rd Gen General source workbook; nearest GW match calculated from GW registry for comparison only.,,Camouflage Green,3rd Gen General,https://ak-interactive.com/product/camouflage-green-standard/,Technical,Typhus Corrosion,#453F31,22.02
AK_3GEN_CARMINE,AK Interactive,AK 3rd Gen,3rd Gen,3GEN,AK-11091,Carmine,CARMINE,#B83F23,184,63,35,184:63:35,Acrylic/Metallic comparison color,Active/Unknown,AK Interactive source workbooks,Hex/RGB filled from 3rd Gen General source workbook; nearest GW match calculated from GW registry for comparison only.,,Carmine,3rd Gen General,https://ak-interactive.com/product/carmine-standard/,Shade,Reikland Fleshshade,#A34529,22.65
AK_3GEN_CHOCOLATE_CHIPPING,AK Interactive,AK 3rd Gen,3rd Gen,3GEN,,Chocolate (Chipping),CHOCOLATE (CHIPPING),#3E2319,62,35,25,62:35:25,Acrylic/Metallic comparison color,Active/Unknown,883483738-7-in-1-comparison-tool-stahly-V15.pdf,"Extracted from 7-in-1 comparison tool; use as reference, not canonical. Hex/RGB manually fixed from user-updated Missing_Color_Audit.",,Chocolate (Chipping),Manual Color Fix,,,,,
AK_3GEN_COBALT_BLUE,AK Interactive,AK 3rd Gen,3rd Gen,3GEN,AK-11201,Cobalt Blue,COBALT BLUE,#0D2335,13,35,53,13:35:53,Acrylic/Metallic comparison color,Active/Unknown,AK Interactive source workbooks,Hex/RGB filled from 3rd Gen General source workbook; nearest GW match calculated from GW registry for comparison only.,,Cobalt Blue,3rd Gen General,https://ak-interactive.com/product/cobalt-blue-metallic/,Base,Abaddon Black,#231F20,30.68
AK_3GEN_COLD_GREEN,AK Interactive,AK 3rd Gen,3rd Gen,3GEN,,Cold Green,COLD GREEN,#008080,0,128,128,0:128:128,Acrylic/Metallic comparison color,Active/Unknown,883483738-7-in-1-comparison-tool-stahly-V15.pdf,"Extracted from 7-in-1 comparison tool; use as reference, not canonical. Hex/RGB manually fixed from user-updated Missing_Color_Audit.",,Cold Green,Manual Color Fix,,,,,
AK_3GEN_COMMAND_GREEN,AK Interactive,AK 3rd Gen,3rd Gen,3GEN,AK-11155,Command Green,COMMAND GREEN,#302E18,48,46,24,48:46:24,Acrylic/Metallic comparison color,Active/Unknown,AK Interactive source workbooks,Hex/RGB filled from 3rd Gen General source workbook; nearest GW match calculated from GW registry for comparison only.,,Command Green,3rd Gen General,https://ak-interactive.com/product/command-green-standard/,New/Current or Comparison,Warplock Bronze,#393121,13.08
AK_3GEN_COPPER,AK Interactive,AK 3rd Gen,3rd Gen,3GEN,AK-11197,Copper,COPPER,#BB5715,187,87,21,187:87:21,Acrylic/Metallic comparison color,Active/Unknown,AK Interactive source workbooks,Hex/RGB filled from 3rd Gen General source workbook; nearest GW match calculated from GW registry for comparison only.,,Copper,3rd Gen General,https://ak-interactive.com/product/copper-metallic/,Base,Screaming Bell,#B3562B,23.43
AK_3GEN_CORK,AK Interactive,AK 3rd Gen,3rd Gen,3GEN,AK-11119,Cork,CORK,#A27649,162,118,73,162:118:73,Acrylic/Metallic comparison color,Active/Unknown,AK Interactive source workbooks,Hex/RGB filled from 3rd Gen General source workbook; nearest GW match calculated from GW registry for comparison only.,,Cork,3rd Gen General,https://ak-interactive.com/product/cork-standard/,Technical,Agrellan Badland,#A17359,16.31
AK_3GEN_DARK_ALUMINIUM,AK Interactive,AK 3rd Gen,3rd Gen,3GEN,AK-11208,Dark Aluminium,DARK ALUMINIUM,#787777,120,119,119,120:119:119,Acrylic/Metallic comparison color,Active/Unknown,AK Interactive source workbooks,Hex/RGB filled from 3rd Gen General source workbook; nearest GW match calculated from GW registry for comparison only.,,Dark Aluminium,3rd Gen General,https://ak-interactive.com/product/dark-aluminium-metallic/,Technical,Astrogranite,#787878,1.41
AK_3GEN_DARK_BLUE,AK Interactive,AK 3rd Gen,3rd Gen,3GEN,AK-11181,Dark Blue,DARK BLUE,#1E2E4B,30,46,75,30:46:75,Acrylic/Metallic comparison color,Active/Unknown,AK Interactive source workbooks,Hex/RGB filled from 3rd Gen General source workbook; nearest GW match calculated from GW registry for comparison only.,,Dark Blue,3rd Gen General,https://ak-interactive.com/product/dark-blue-standard/,New/Current or Comparison,Drakenhof Nightshade,#273E53,20.02
AK_3GEN_DARK_BLUE_GREY,AK Interactive,AK 3rd Gen,3rd Gen,3GEN,AK-11164,Dark Blue Grey,DARK BLUE GREY,#4D5E54,77,94,84,77:94:84,Acrylic/Metallic comparison color,Active/Unknown,AK Interactive source workbooks,Hex/RGB filled from 3rd Gen General source workbook; nearest GW match calculated from GW registry for comparison only.,,Dark Blue-Grey,3rd Gen General,https://ak-interactive.com/product/dark-blue-grey-standard/,Base,Leadbelcher,#475659,11.18
AK_3GEN_DARK_BROWN,AK Interactive,AK 3rd Gen,3rd Gen,3GEN,AK-11109,Dark Brown,DARK BROWN,#543A17,84,58,23,84:58:23,Acrylic/Metallic comparison color,Active/Unknown,AK Interactive source workbooks,Hex/RGB filled from 3rd Gen General source workbook; nearest GW match calculated from GW registry for comparison only.,,Dark Brown,3rd Gen General,https://ak-interactive.com/product/dark-brown-standard/,Technical,Stirland Mud,#473300,27.33
AK_3GEN_DARK_FLESH,AK Interactive,AK 3rd Gen,3rd Gen,3GEN,AK-11056,Dark Flesh,DARK FLESH,#EDA538,237,165,56,237:165:56,Acrylic/Metallic comparison color,Active/Unknown,AK Interactive source workbooks,Hex/RGB filled from 3rd Gen General source workbook; nearest GW match calculated from GW registry for comparison only.,,Dark Flesh,3rd Gen General,https://ak-interactive.com/product/dark-flesh-standard/,Layer,Zamesi Desert,#DCA026,25.26
AK_3GEN_DARK_GREEN,AK Interactive,AK 3rd Gen,3rd Gen,3GEN,AK-11146,Dark Green,DARK GREEN,#23461E,35,70,30,35:70:30,Acrylic/Metallic comparison color,Active/Unknown,AK Interactive source workbooks,Hex/RGB filled from 3rd Gen General source workbook; nearest GW match calculated from GW registry for comparison only.,,Dark Green,3rd Gen General,https://ak-interactive.com/product/dark-green-standard/,Base,Castellan Green,#304921,13.67
AK_3GEN_DARK_GREEN_GREY,AK Interactive,AK 3rd Gen,3rd Gen,3GEN,AK-11133,Dark Green Grey,DARK GREEN GREY,#3C4F3D,60,79,61,60:79:61,Acrylic/Metallic comparison color,Active/Unknown,AK Interactive source workbooks,Hex/RGB filled from 3rd Gen General source workbook; nearest GW match calculated from GW registry for comparison only.,,Dark Green-Grey,3rd Gen General,https://ak-interactive.com/product/dark-green-grey-standard/,New/Current or Comparison,Loren Forest,#434F38,8.6
AK_3GEN_DARK_GREY,AK Interactive,AK 3rd Gen,3rd Gen,3GEN,AK-11022,Dark Grey,DARK GREY,#4B4A44,75,74,68,75:74:68,Acrylic/Metallic comparison color,Active/Unknown,AK Interactive source workbooks,Hex/RGB filled from 3rd Gen General source workbook; nearest GW match calculated from GW registry for comparison only.,,Dark Grey,3rd Gen General,https://ak-interactive.com/product/dark-grey-standard/,New/Current or Comparison,Stormvermin Fur,#4D4A4A,6.32
AK_3GEN_DARK_PRUSSIAN_BLUE,AK Interactive,AK 3rd Gen,3rd Gen,3GEN,AK-11189,Dark Prussian Blue,DARK PRUSSIAN BLUE,#0C0E1A,12,14,26,12:14:26,Acrylic/Metallic comparison color,Active/Unknown,AK Interactive source workbooks,Hex/RGB filled from 3rd Gen General source workbook; nearest GW match calculated from GW registry for comparison only.,,Dark Prussian Blue,3rd Gen General,https://ak-interactive.com/product/dark-prussian-blue-standard/,Shade,Nuln Oil,#151203,25.02
AK_3GEN_DARK_RUST,AK Interactive,AK 3rd Gen,3rd Gen,3GEN,AK-11107,Dark Rust,DARK RUST,#532711,83,39,17,83:39:17,Acrylic/Metallic comparison color,Active/Unknown,AK Interactive source workbooks,Hex/RGB filled from 3rd Gen General source workbook; nearest GW match calculated from GW registry for comparison only.,,Dark Rust,3rd Gen General,https://ak-interactive.com/product/dark-rust-standard/,Technical,Blood For The Blood God,#581011,23.54
AK_3GEN_DARK_SAND,AK Interactive,AK 3rd Gen,3rd Gen,3GEN,AK-11033,Dark Sand,DARK SAND,#E5BD58,229,189,88,229:189:88,Acrylic/Metallic comparison color,Active/Unknown,AK Interactive source workbooks,Hex/RGB filled from 3rd Gen General source workbook; nearest GW match calculated from GW registry for comparison only.,,Dark Sand,3rd Gen General,https://ak-interactive.com/product/dark-sand-standard/,Shade,Casandora Yellow,#F1CB4E,20.98
AK_3GEN_DARK_SEA_BLUE,AK Interactive,AK 3rd Gen,3rd Gen,3GEN,AK-11190,Dark Sea Blue,DARK SEA BLUE,#0D1915,13,25,21,13:25:21,Acrylic/Metallic comparison color,Active/Unknown,AK Interactive source workbooks,Hex/RGB filled from 3rd Gen General source workbook; nearest GW match calculated from GW registry for comparison only.,,Dark Sea Blue,3rd Gen General,https://ak-interactive.com/product/dark-sea-blue-standard/,Shade,Nuln Oil,#151203,20.9
AK_3GEN_DARK_SEA_BLUE_BLUE_GREY,AK Interactive,AK 3rd Gen,3rd Gen,3GEN,,Dark Sea Blue BLUE GREY,DARK SEA BLUE BLUE GREY,#022F8E,2,47,142,2:47:142,Acrylic/Metallic comparison color,Active/Unknown,883483738-7-in-1-comparison-tool-stahly-V15.pdf,"Extracted from 7-in-1 comparison tool; use as reference, not canonical. Hex/RGB manually fixed from user-updated Missing_Color_Audit.",,Dark Sea Blue BLUE GREY,Manual Color Fix,,,,,
AK_3GEN_DARK_SEA_GREY,AK Interactive,AK 3rd Gen,3rd Gen,3GEN,AK-11015,Dark Sea Grey,DARK SEA GREY,#7B7973,123,121,115,123:121:115,Acrylic/Metallic comparison color,Active/Unknown,AK Interactive source workbooks,Hex/RGB filled from 3rd Gen General source workbook; nearest GW match calculated from GW registry for comparison only.,,Dark Sea Grey,3rd Gen General,https://ak-interactive.com/product/dark-sea-grey-standard/,Technical,Astrogranite,#787878,5.92
AK_3GEN_DEAD_RED,AK Interactive,AK 3rd Gen,3rd Gen,3GEN,AK-11083,Dead Red,DEAD RED,#E94B4C,233,75,76,233:75:76,Acrylic/Metallic comparison color,Active/Unknown,AK Interactive source workbooks,Hex/RGB filled from 3rd Gen General source workbook; nearest GW match calculated from GW registry for comparison only.,,Dead Red,3rd Gen General,https://ak-interactive.com/product/dead-red-standard/,Technical,Spiritstone Red,#FD5D3D,30.81
AK_3GEN_DECK_TAN,AK Interactive,AK 3rd Gen,3rd Gen,3GEN,AK-11114,Deck Tan,DECK TAN,#D0C5B0,208,197,176,208:197:176,Acrylic/Metallic comparison color,Active/Unknown,AK Interactive source workbooks,Hex/RGB filled from 3rd Gen General source workbook; nearest GW match calculated from GW registry for comparison only.,,Deck Tan,3rd Gen General,https://ak-interactive.com/product/deck-tan-standard/,Layer,Liberator Gold,#D5C4AA,7.87
AK_3GEN_DECOMPOSED_FLESH,AK Interactive,AK 3rd Gen,3rd Gen,3GEN,AK-11058,Decomposed Flesh,DECOMPOSED FLESH,#BAA361,186,163,97,186:163:97,Acrylic/Metallic comparison color,Active/Unknown,AK Interactive source workbooks,Hex/RGB filled from 3rd Gen General source workbook; nearest GW match calculated from GW registry for comparison only.,,Decomposed Flesh,3rd Gen General,https://ak-interactive.com/product/decomposed-flesh-standard/,Layer,Karak Stone,#BB9662,13.08
AK_3GEN_DEEP_BLUE,AK Interactive,AK 3rd Gen,3rd Gen,3GEN,AK-11182,Deep Blue,DEEP BLUE,#1D4167,29,65,103,29:65:103,Acrylic/Metallic comparison color,Active/Unknown,AK Interactive source workbooks,Hex/RGB filled from 3rd Gen General source workbook; nearest GW match calculated from GW registry for comparison only.,,Deep Blue,3rd Gen General,https://ak-interactive.com/product/deep-blue-intense/,New/Current or Comparison,Drakenhof Nightshade,#273E53,22.56
AK_3GEN_DEEP_BROWN,AK Interactive,AK 3rd Gen,3rd Gen,3GEN,AK-11102,Deep Brown,DEEP BROWN,#874C2B,135,76,43,135:76:43,Acrylic/Metallic comparison color,Active/Unknown,AK Interactive source workbooks,Hex/RGB filled from 3rd Gen General source workbook; nearest GW match calculated from GW registry for comparison only.,,Deep Brown,3rd Gen General,https://ak-interactive.com/product/deep-brown-intense/,Base,Balthasar Gold,#87542F,8.94
AK_3GEN_DEEP_GREEN,AK Interactive,AK 3rd Gen,3rd Gen,3GEN,AK-11142,Deep Green,DEEP GREEN,#1D632D,29,99,45,29:99:45,Acrylic/Metallic comparison color,Active/Unknown,AK Interactive source workbooks,Hex/RGB filled from 3rd Gen General source workbook; nearest GW match calculated from GW registry for comparison only.,,Deep Green,3rd Gen General,https://ak-interactive.com/product/deep-green-intense/,Base,Waaagh! Flesh,#20552B,14.46
AK_3GEN_DEEP_PURPLE_MC_LIGHT_PINK,AK Interactive,AK 3rd Gen,3rd Gen,3GEN,,Deep Purple MC Light Pink,DEEP PURPLE MC LIGHT PINK,#7C4B69,124,75,105,124:75:105,Acrylic/Metallic comparison color,Active/Unknown,883483738-7-in-1-comparison-tool-stahly-V15.pdf,"Extracted from 7-in-1 comparison tool; use as reference, not canonical. Hex/RGB manually fixed from user-updated Missing_Color_Audit.",,Deep Purple MC Light Pink,Manual Color Fix,,,,,
AK_3GEN_DEEP_RED,AK Interactive,AK 3rd Gen,3rd Gen,3GEN,AK-11088,Deep Red,DEEP RED,#DC211B,220,33,27,220:33:27,Acrylic/Metallic comparison color,Active/Unknown,AK Interactive source workbooks,Hex/RGB filled from 3rd Gen General source workbook; nearest GW match calculated from GW registry for comparison only.,,Deep Red,3rd Gen General,https://ak-interactive.com/product/deep-red-intense/,Layer,Wild Rider Red,#EB2E28,23.73
AK_3GEN_DEEP_SKY_BLUE,AK Interactive,AK 3rd Gen,3rd Gen,3GEN,AK-11176,Deep Sky Blue,DEEP SKY BLUE,#69B5C7,105,181,199,105:181:199,Acrylic/Metallic comparison color,Active/Unknown,AK Interactive source workbooks,Hex/RGB filled from 3rd Gen General source workbook; nearest GW match calculated from GW registry for comparison only.,,Deep Sky Blue,3rd Gen General,https://ak-interactive.com/product/deep-sky-blue-standard/,Dry,Skink Blue,#59C1CE,21.19
AK_3GEN_DEEP_VIOLET,AK Interactive,AK 3rd Gen,3rd Gen,3GEN,AK-11072,Deep Violet,DEEP VIOLET,#75556E,117,85,110,117:85:110,Acrylic/Metallic comparison color,Active/Unknown,AK Interactive source workbooks,Hex/RGB filled from 3rd Gen General source workbook; nearest GW match calculated from GW registry for comparison only.,,Deep Violet,3rd Gen General,https://ak-interactive.com/product/deep-violet-intense/,Layer,Warpfiend Grey,#6C6A75,23.9
AK_3GEN_DEEP_YELLOW,AK Interactive,AK 3rd Gen,3rd Gen,3GEN,AK-11045,Deep Yellow,DEEP YELLOW,#FDC607,253,198,7,253:198:7,Acrylic/Metallic comparison color,Active/Unknown,AK Interactive source workbooks,Hex/RGB filled from 3rd Gen General source workbook; nearest GW match calculated from GW registry for comparison only.,,Deep Yellow,3rd Gen General,https://ak-interactive.com/product/deep-yellow-intense/,New/Current or Comparison,Yriel Yellow,#FFCE00,10.82
AK_3GEN_DIRTY_RED,AK Interactive,AK 3rd Gen,3rd Gen,3GEN,AK-11095,Dirty Red,DIRTY RED,#7F1B10,127,27,16,127:27:16,Acrylic/Metallic comparison color,Active/Unknown,AK Interactive source workbooks,Hex/RGB filled from 3rd Gen General source workbook; nearest GW match calculated from GW registry for comparison only.,,Dirty Red,3rd Gen General,https://ak-interactive.com/product/dirty-red-standard/,Layer,Wazdakka Red,#8C0A0C,21.77
AK_3GEN_DIRTY_YELLOW,AK Interactive,AK 3rd Gen,3rd Gen,3GEN,AK-11043,Dirty Yellow,DIRTY YELLOW,#EEA81B,238,168,27,238:168:27,Acrylic/Metallic comparison color,Active/Unknown,AK Interactive source workbooks,Hex/RGB filled from 3rd Gen General source workbook; nearest GW match calculated from GW registry for comparison only.,,Dirty Yellow,3rd Gen General,https://ak-interactive.com/product/dirty-yellow-standard/,Layer,Zamesi Desert,#DCA026,22.56
AK_3GEN_DRAGON_BLOOD,AK Interactive,AK 3rd Gen,3rd Gen,3GEN,,Dragon Blood,DRAGON BLOOD,#B84048,184,64,72,184:64:72,Acrylic/Metallic comparison color,Active/Unknown,883483738-7-in-1-comparison-tool-stahly-V15.pdf,"Extracted from 7-in-1 comparison tool; use as reference, not canonical. Hex/RGB manually fixed from user-updated Missing_Color_Audit.",,Dragon Blood,Manual Color Fix,,,,,
AK_3GEN_DUCAT_BLUE,AK Interactive,AK 3rd Gen,3rd Gen,3GEN,AK-11177,Ducat Blue,DUCAT BLUE,#3A88A1,58,136,161,58:136:161,Acrylic/Metallic comparison color,Active/Unknown,AK Interactive source workbooks,Hex/RGB filled from 3rd Gen General source workbook; nearest GW match calculated from GW registry for comparison only.,,Ducat Blue,3rd Gen General,https://ak-interactive.com/product/ducat-blue-standard/,Base,Caledor Sky,#396F9E,25.2
AK_3GEN_EMERALD,AK Interactive,AK 3rd Gen,3rd Gen,3GEN,AK-11144,Emerald,EMERALD,#066343,6,99,67,6:99:67,Acrylic/Metallic comparison color,Active/Unknown,AK Interactive source workbooks,Hex/RGB filled from 3rd Gen General source workbook; nearest GW match calculated from GW registry for comparison only.,,Emerald,3rd Gen General,https://ak-interactive.com/product/emerald-standard/,New/Current or Comparison,Sotek Green,#006B5A,25.08
AK_3GEN_EMERALD_METALLIC_GREEN,AK Interactive,AK 3rd Gen,3rd Gen,3GEN,AK-11204,Emerald Metallic Green,EMERALD METALLIC GREEN,#22763A,34,118,58,34:118:58,Acrylic/Metallic comparison color,Active/Unknown,AK Interactive source workbooks,Hex/RGB filled from 3rd Gen General source workbook; nearest GW match calculated from GW registry for comparison only.,,Emerald Metallic Green,3rd Gen General,https://ak-interactive.com/product/emerald-metallic-green-metallic/,Layer,Warpstone Glow,#1E7332,9.43
AK_3GEN_ENGLISH_GREY,AK Interactive,AK 3rd Gen,3rd Gen,3GEN,AK-11020,English Grey,ENGLISH GREY,#706E65,112,110,101,112:110:101,Acrylic/Metallic comparison color,Active/Unknown,AK Interactive source workbooks,Hex/RGB filled from 3rd Gen General source workbook; nearest GW match calculated from GW registry for comparison only.,,English Grey,3rd Gen General,https://ak-interactive.com/product/english-grey-standard/,Layer,Stormvermin Fur,#736C66,3.74
AK_3GEN_EXTRA_DARK_GREEN,AK Interactive,AK 3rd Gen,3rd Gen,3GEN,AK-11153,Extra Dark Green,EXTRA DARK GREEN,#22322A,34,50,42,34:50:42,Acrylic/Metallic comparison color,Active/Unknown,AK Interactive source workbooks,Hex/RGB filled from 3rd Gen General source workbook; nearest GW match calculated from GW registry for comparison only.,,Extra Dark Green,3rd Gen General,https://ak-interactive.com/product/extra-dark-green-standard/,Base,Dryad Bark,#34312C,18.14
AK_3GEN_FADED_GREEN,AK Interactive,AK 3rd Gen,3rd Gen,3GEN,AK-11135,Faded Green,FADED GREEN,#7D8972,125,137,114,125:137:114,Acrylic/Metallic comparison color,Active/Unknown,AK Interactive source workbooks,Hex/RGB filled from 3rd Gen General source workbook; nearest GW match calculated from GW registry for comparison only.,,Faded Green,3rd Gen General,https://ak-interactive.com/product/faded-green-standard/,Technical,Astrogranite,#787878,18.71
AK_3GEN_FLUORESCENT_BLUE,AK Interactive,AK 3rd Gen,3rd Gen,3GEN,AK-11178,Fluorescent Blue,FLUORESCENT BLUE,#014063,1,64,99,1:64:99,Acrylic Paint,Active/Unknown,AK Interactive source workbooks,Hex/RGB filled from 3rd Gen General source workbook; nearest GW match calculated from GW registry for comparison only.,,Fluorescent Blue,3rd Gen General,https://ak-interactive.com/product/fluorescent-blue-standard/,Base,Stegadon Scale Green,#074864,10.05
AK_3GEN_FLUORESCENT_GREEN,AK Interactive,AK 3rd Gen,3rd Gen,3GEN,AK-11129,Fluorescent Green,FLUORESCENT GREEN,#97C122,151,193,34,151:193:34,Acrylic Paint,Active/Unknown,AK Interactive source workbooks,Hex/RGB filled from 3rd Gen General source workbook; nearest GW match calculated from GW registry for comparison only.,,Fluorescent Green,3rd Gen General,https://ak-interactive.com/product/fluorescent-green-standard/,New/Current or Comparison,Moot Green,#A5D610,31
AK_3GEN_FLUORESCENT_MAGENTA,AK Interactive,AK 3rd Gen,3rd Gen,3GEN,AK-11068,Fluorescent Magenta,FLUORESCENT MAGENTA,#EA4F6A,234,79,106,234:79:106,Acrylic Paint,Active/Unknown,AK Interactive source workbooks,Hex/RGB filled from 3rd Gen General source workbook; nearest GW match calculated from GW registry for comparison only.,,Fluorescent Magenta,3rd Gen General,https://ak-interactive.com/product/fluorescent-magenta-standard/,Technical,Spiritstone Red,#FD5D3D,50.81
AK_3GEN_FLUORESCENT_ORANGE,AK Interactive,AK 3rd Gen,3rd Gen,3GEN,AK-11081,Fluorescent Orange,FLUORESCENT ORANGE,#EA571F,234,87,31,234:87:31,Acrylic Paint,Active/Unknown,AK Interactive source workbooks,Hex/RGB filled from 3rd Gen General source workbook; nearest GW match calculated from GW registry for comparison only.,,Fluorescent Orange,3rd Gen General,https://ak-interactive.com/product/fluorescent-orange-standard/,Layer,Troll Slayer Orange,#F46C2E,27.68
AK_3GEN_FLUORESCENT_YELLOW,AK Interactive,AK 3rd Gen,3rd Gen,3GEN,AK-11049,Fluorescent Yellow,FLUORESCENT YELLOW,#EEE429,238,228,41,238:228:41,Acrylic Paint,Active/Unknown,AK Interactive source workbooks,Hex/RGB filled from 3rd Gen General source workbook; nearest GW match calculated from GW registry for comparison only.,,Fluorescent Yellow,3rd Gen General,https://ak-interactive.com/product/fluorescent-yellow-standard/,New/Current or Comparison,Gehenna's Gold,#CCCC33,42.8
AK_3GEN_FOUNDRY_RED,AK Interactive,AK 3rd Gen,3rd Gen,3GEN,AK-11203,Foundry Red,FOUNDRY RED,#C53632,197,54,50,197:54:50,Acrylic/Metallic comparison color,Active/Unknown,AK Interactive source workbooks,Hex/RGB filled from 3rd Gen General source workbook; nearest GW match calculated from GW registry for comparison only.,,Foundry Red,3rd Gen General,https://ak-interactive.com/product/foundry-red-metallic/,Layer,Evil Sunz Scarlet,#C21920,34.26
AK_3GEN_FRENCH_BLUE,AK Interactive,AK 3rd Gen,3rd Gen,3GEN,AK-11166,French Blue,FRENCH BLUE,#555754,85,87,84,85:87:84,Acrylic/Metallic comparison color,Active/Unknown,AK Interactive source workbooks,Hex/RGB filled from 3rd Gen General source workbook; nearest GW match calculated from GW registry for comparison only.,,French Blue,3rd Gen General,https://ak-interactive.com/product/french-blue-standard/,Layer,Eshin Grey,#4A4F53,13.64
AK_3GEN_FROG_GREEN,AK Interactive,AK 3rd Gen,3rd Gen,3GEN,AK-11136,Frog Green,FROG GREEN,#98B921,152,185,33,152:185:33,Acrylic/Metallic comparison color,Active/Unknown,AK Interactive source workbooks,Hex/RGB filled from 3rd Gen General source workbook; nearest GW match calculated from GW registry for comparison only.,,Frog Green,3rd Gen General,https://ak-interactive.com/product/frog-green-standard/,New/Current or Comparison,Moot Green,#A5D610,36.04
AK_3GEN_GERMAN_FIELD_GREY,AK Interactive,AK 3rd Gen,3rd Gen,3GEN,AK-11154,German Field Grey,GERMAN FIELD GREY,#423E24,66,62,36,66:62:36,Acrylic/Metallic comparison color,Active/Unknown,AK Interactive source workbooks,Hex/RGB filled from 3rd Gen General source workbook; nearest GW match calculated from GW registry for comparison only.,,German Field Grey,3rd Gen General,https://ak-interactive.com/product/german-field-grey-standard/,Technical,Typhus Corrosion,#453F31,13.38
AK_3GEN_GERMAN_GREY,AK Interactive,AK 3rd Gen,3rd Gen,3GEN,AK-11025,German Grey,GERMAN GREY,#383830,56,56,48,56:56:48,Acrylic/Metallic comparison color,Active/Unknown,AK Interactive source workbooks,Hex/RGB filled from 3rd Gen General source workbook; nearest GW match calculated from GW registry for comparison only.,,German Grey,3rd Gen General,https://ak-interactive.com/product/german-grey-standard/,Base,Dryad Bark,#34312C,9
AK_3GEN_GOLD,AK Interactive,AK 3rd Gen,3rd Gen,3GEN,AK-11191,Gold,GOLD,#9B6716,155,103,22,155:103:22,Acrylic/Metallic comparison color,Active/Unknown,AK Interactive source workbooks,Hex/RGB filled from 3rd Gen General source workbook; nearest GW match calculated from GW registry for comparison only.,,Gold,3rd Gen General,https://ak-interactive.com/product/gold-metallic/,New/Current or Comparison,Balor Brown,#9C6B08,14.59
AK_3GEN_GOLDEN_BROWN,AK Interactive,AK 3rd Gen,3rd Gen,3GEN,AK-11117,Golden Brown,GOLDEN BROWN,#AE7712,174,119,18,174:119:18,Acrylic/Metallic comparison color,Active/Unknown,AK Interactive source workbooks,Hex/RGB filled from 3rd Gen General source workbook; nearest GW match calculated from GW registry for comparison only.,,Golden Brown,3rd Gen General,https://ak-interactive.com/product/golden-brown-standard/,Layer,Tallarn Sand,#A67610,8.31
AK_3GEN_GOLDEN_OLIVE,AK Interactive,AK 3rd Gen,3rd Gen,3GEN,AK-11139,Golden Olive,GOLDEN OLIVE,#747C28,116,124,40,116:124:40,Acrylic/Metallic comparison color,Active/Unknown,AK Interactive source workbooks,Hex/RGB filled from 3rd Gen General source workbook; nearest GW match calculated from GW registry for comparison only.,,Golden Olive,3rd Gen General,https://ak-interactive.com/product/golden-olive-standard/,Layer,Straken Green,#628026,18.55
AK_3GEN_GOLDEN_YELLOW,AK Interactive,AK 3rd Gen,3rd Gen,3GEN,AK-11041,Golden Yellow,GOLDEN YELLOW,#F9B14C,249,177,76,249:177:76,Acrylic/Metallic comparison color,Active/Unknown,AK Interactive source workbooks,Hex/RGB filled from 3rd Gen General source workbook; nearest GW match calculated from GW registry for comparison only.,,Golden Yellow,3rd Gen General,https://ak-interactive.com/product/golden-yellow-standard/,New/Current or Comparison,Auric Armour Gold,#E7BD42,23.83
AK_3GEN_GRAPHITE,AK Interactive,AK 3rd Gen,3rd Gen,3GEN,AK-11019,Graphite,GRAPHITE,#6C6F61,108,111,97,108:111:97,Acrylic/Metallic comparison color,Active/Unknown,AK Interactive source workbooks,Hex/RGB filled from 3rd Gen General source workbook; nearest GW match calculated from GW registry for comparison only.,,Graphite,3rd Gen General,https://ak-interactive.com/product/graphite-standard/,Layer,Stormvermin Fur,#736C66,9.11
AK_3GEN_GRASS_GREEN,AK Interactive,AK 3rd Gen,3rd Gen,3GEN,AK-11140,Grass Green,GRASS GREEN,#65822C,101,130,44,101:130:44,Acrylic/Metallic comparison color,Active/Unknown,AK Interactive source workbooks,Hex/RGB filled from 3rd Gen General source workbook; nearest GW match calculated from GW registry for comparison only.,,Grass Green,3rd Gen General,https://ak-interactive.com/product/grass-green-standard/,Layer,Straken Green,#628026,7
AK_3GEN_GREEN_BROWN,AK Interactive,AK 3rd Gen,3rd Gen,3GEN,AK-11126,Green-Brown,GREEN-BROWN,#705A23,112,90,35,112:90:35,Acrylic/Metallic comparison color,Active/Unknown,AK Interactive source workbooks,Hex/RGB filled from 3rd Gen General source workbook; nearest GW match calculated from GW registry for comparison only.,,Green-Brown,3rd Gen General,https://ak-interactive.com/product/green-brown-standard/,Old/Discontinued,Brazen Brass,#735A21,3.61
AK_3GEN_GREEN_GREY,AK Interactive,AK 3rd Gen,3rd Gen,3GEN,AK-11132,Green Grey,GREEN GREY,#E0E5BF,224,229,191,224:229:191,Acrylic/Metallic comparison color,Active/Unknown,AK Interactive source workbooks,Hex/RGB filled from 3rd Gen General source workbook; nearest GW match calculated from GW registry for comparison only.,,Green-Grey,3rd Gen General,https://ak-interactive.com/product/green-grey-standard/,New/Current or Comparison,Nurgling Green,#E7EFC6,14.07
AK_3GEN_GREEN_OCHRE,AK Interactive,AK 3rd Gen,3rd Gen,3GEN,AK-11122,Green Ochre,GREEN OCHRE,#A68236,166,130,54,166:130:54,Acrylic/Metallic comparison color,Active/Unknown,AK Interactive source workbooks,Hex/RGB filled from 3rd Gen General source workbook; nearest GW match calculated from GW registry for comparison only.,,Green Ochre,3rd Gen General,https://ak-interactive.com/product/green-ochre-standard/,Shade,Fuegan Orange,#AD6E38,21.28
AK_3GEN_GREEN_SKY,AK Interactive,AK 3rd Gen,3rd Gen,3GEN,AK-11134,Green Sky,GREEN SKY,#8BB284,139,178,132,139:178:132,Acrylic/Metallic comparison color,Active/Unknown,AK Interactive source workbooks,Hex/RGB filled from 3rd Gen General source workbook; nearest GW match calculated from GW registry for comparison only.,,Green Sky,3rd Gen General,https://ak-interactive.com/product/green-sky-standard/,Technical,Nihilakh Oxide,#85B59D,25.88
AK_3GEN_GREENISH_WHITE,AK Interactive,AK 3rd Gen,3rd Gen,3GEN,AK-11005,Greenish White,GREENISH WHITE,#E5EECC,229,238,204,229:238:204,Acrylic/Metallic comparison color,Active/Unknown,AK Interactive source workbooks,Hex/RGB filled from 3rd Gen General source workbook; nearest GW match calculated from GW registry for comparison only.,,Greenish White,3rd Gen General,https://ak-interactive.com/product/greenish-white-standard/,New/Current or Comparison,Nurgling Green,#E7EFC6,6.4
AK_3GEN_GREENSKIN_PUNCH,AK Interactive,AK 3rd Gen,3rd Gen,3GEN,,Greenskin Punch,GREENSKIN PUNCH,#00FF00,0,255,0,0:255:0,Acrylic/Metallic comparison color,Active/Unknown,883483738-7-in-1-comparison-tool-stahly-V15.pdf,"Extracted from 7-in-1 comparison tool; use as reference, not canonical. Hex/RGB manually fixed from user-updated Missing_Color_Audit.",,Greenskin Punch,Manual Color Fix,,,,,
AK_3GEN_GREY_BLUE,AK Interactive,AK 3rd Gen,3rd Gen,3GEN,AK-11165,Grey-Blue,GREY-BLUE,#5F6772,95,103,114,95:103:114,Acrylic/Metallic comparison color,Active/Unknown,AK Interactive source workbooks,Hex/RGB filled from 3rd Gen General source workbook; nearest GW match calculated from GW registry for comparison only.,,Grey-Blue,3rd Gen General,https://ak-interactive.com/product/grey-blue-standard/,Layer,Warpfiend Grey,#6C6A75,13.67
AK_3GEN_GREY_BROWN,AK Interactive,AK 3rd Gen,3rd Gen,3GEN,AK-11125,Grey-Brown,GREY-BROWN,#705B3C,112,91,60,112:91:60,Acrylic/Metallic comparison color,Active/Unknown,AK Interactive source workbooks,Hex/RGB filled from 3rd Gen General source workbook; nearest GW match calculated from GW registry for comparison only.,,Grey-Brown,3rd Gen General,https://ak-interactive.com/product/grey-brown-standard/,Old/Discontinued,Calthan Brown,#6D5044,13.93
AK_3GEN_GREY_GREEN,AK Interactive,AK 3rd Gen,3rd Gen,3GEN,AK-11016,Grey-Green,GREY-GREEN,#818166,129,129,102,129:129:102,Acrylic/Metallic comparison color,Active/Unknown,AK Interactive source workbooks,Hex/RGB filled from 3rd Gen General source workbook; nearest GW match calculated from GW registry for comparison only.,,Grey-Green,3rd Gen General,https://ak-interactive.com/product/grey-green-standard/,Technical,Agrellan Earth,#92816D,18.38
AK_3GEN_GRIM_BROWN,AK Interactive,AK 3rd Gen,3rd Gen,3GEN,AK-11112,Grim Brown,GRIM BROWN,#1E160E,30,22,14,30:22:14,Acrylic/Metallic comparison color,Active/Unknown,AK Interactive source workbooks,Hex/RGB filled from 3rd Gen General source workbook; nearest GW match calculated from GW registry for comparison only.,,Grim Brown,3rd Gen General,https://ak-interactive.com/product/grim-brown-standard/,Shade,Nuln Oil,#151203,14.76
AK_3GEN_GRIMY_GREY,AK Interactive,AK 3rd Gen,3rd Gen,3GEN,AK-11008,Grimy Grey,GRIMY GREY,#DFC898,223,200,152,223:200:152,Acrylic/Metallic comparison color,Active/Unknown,AK Interactive source workbooks,Hex/RGB filled from 3rd Gen General source workbook; nearest GW match calculated from GW registry for comparison only.,,Grimy Grey,3rd Gen General,https://ak-interactive.com/product/grimy-grey-standard/,Dry,Sigmarite,#DAC38D,13.08
AK_3GEN_GUN_METAL,AK Interactive,AK 3rd Gen,3rd Gen,3GEN,AK-11212,Gun Metal,GUN METAL,#4C4C49,76,76,73,76:76:73,Acrylic/Metallic comparison color,Active/Unknown,AK Interactive source workbooks,Hex/RGB filled from 3rd Gen General source workbook; nearest GW match calculated from GW registry for comparison only.,,Gun Metal,3rd Gen General,https://ak-interactive.com/product/gun-metal-metallic-2/,New/Current or Comparison,Stormvermin Fur,#4D4A4A,2.45
AK_3GEN_GUNSHIP_GREEN,AK Interactive,AK 3rd Gen,3rd Gen,3GEN,AK-11150,Gunship Green,GUNSHIP GREEN,#475435,71,84,53,71:84:53,Acrylic/Metallic comparison color,Active/Unknown,AK Interactive source workbooks,Hex/RGB filled from 3rd Gen General source workbook; nearest GW match calculated from GW registry for comparison only.,,Gunship Green,3rd Gen General,https://ak-interactive.com/product/gunship-green-standard/,New/Current or Comparison,Loren Forest,#434F38,7.07
AK_3GEN_HULL_RED,AK Interactive,AK 3rd Gen,3rd Gen,3GEN,AK-11108,Hull Red,HULL RED,#351C10,53,28,16,53:28:16,Acrylic/Metallic comparison color,Active/Unknown,AK Interactive source workbooks,Hex/RGB filled from 3rd Gen General source workbook; nearest GW match calculated from GW registry for comparison only.,,Hull Red,3rd Gen General,https://ak-interactive.com/product/hull-red-standard/,Technical,Stirland Battlemire,#321905,11.79
AK_3GEN_ICE_YELLOW,AK Interactive,AK 3rd Gen,3rd Gen,3GEN,AK-11036,Ice Yellow,ICE YELLOW,#FFF08E,255,240,142,255:240:142,Acrylic/Metallic comparison color,Active/Unknown,AK Interactive source workbooks,Hex/RGB filled from 3rd Gen General source workbook; nearest GW match calculated from GW registry for comparison only.,,Ice Yellow,3rd Gen General,https://ak-interactive.com/product/ice-yellow-standard/,Dry,Hexos Palesun,#F1DCA3,32.2
AK_3GEN_IMPERIAL_BLUE,AK Interactive,AK 3rd Gen,3rd Gen,3GEN,AK-11180,Imperial Blue,IMPERIAL BLUE,#22274F,34,39,79,34:39:79,Acrylic/Metallic comparison color,Active/Unknown,AK Interactive source workbooks,Hex/RGB filled from 3rd Gen General source workbook; nearest GW match calculated from GW registry for comparison only.,,Imperial Blue,3rd Gen General,https://ak-interactive.com/product/imperial-blue-standard/,New/Current or Comparison,Drakenhof Nightshade,#273E53,23.87
AK_3GEN_INTENSE_PINK,AK Interactive,AK 3rd Gen,3rd Gen,3GEN,AK-11065,Intense Pink,INTENSE PINK,#EB748F,235,116,143,235:116:143,Acrylic/Metallic comparison color,Active/Unknown,AK Interactive source workbooks,Hex/RGB filled from 3rd Gen General source workbook; nearest GW match calculated from GW registry for comparison only.,,Intense Pink,3rd Gen General,https://ak-interactive.com/product/intense-pink-intense/,Layer,Lugganath Orange,#F89E86,44.88
AK_3GEN_INTERIOR_YELLOW_GREEN,AK Interactive,AK 3rd Gen,3rd Gen,3GEN,AK-11138,Interior Yellow Green,INTERIOR YELLOW GREEN,#ACA317,172,163,23,172:163:23,Acrylic/Metallic comparison color,Active/Unknown,AK Interactive source workbooks,Hex/RGB filled from 3rd Gen General source workbook; nearest GW match calculated from GW registry for comparison only.,,Interior Yellow Green,3rd Gen General,https://ak-interactive.com/product/interior-yellow-green-standard/,Technical,Armageddon Dust,#CBAD0D,34.07
AK_3GEN_INTERMEDIATE_BLUE,AK Interactive,AK 3rd Gen,3rd Gen,3GEN,AK-11163,Intermediate Blue,INTERMEDIATE BLUE,#676A67,103,106,103,103:106:103,Acrylic/Metallic comparison color,Active/Unknown,AK Interactive source workbooks,Hex/RGB filled from 3rd Gen General source workbook; nearest GW match calculated from GW registry for comparison only.,,Intermediate Blue,3rd Gen General,https://ak-interactive.com/product/intermediate-blue-standard/,Layer,Stormvermin Fur,#736C66,12.21
AK_3GEN_INTERMEDIATE_GREEN,AK Interactive,AK 3rd Gen,3rd Gen,3GEN,AK-11149,Intermediate Green,INTERMEDIATE GREEN,#506F32,80,111,50,80:111:50,Acrylic/Metallic comparison color,Active/Unknown,AK Interactive source workbooks,Hex/RGB filled from 3rd Gen General source workbook; nearest GW match calculated from GW registry for comparison only.,,Intermediate Green,3rd Gen General,https://ak-interactive.com/product/intermediate-green-standard/,Layer,Loren Forest,#51702D,5.2
AK_3GEN_IVORY,AK Interactive,AK 3rd Gen,3rd Gen,3GEN,AK-11004,Ivory,IVORY,#F3EDC6,243,237,198,243:237:198,Acrylic/Metallic comparison color,Active/Unknown,AK Interactive source workbooks,Hex/RGB filled from 3rd Gen General source workbook; nearest GW match calculated from GW registry for comparison only.,,Ivory,3rd Gen General,https://ak-interactive.com/product/ivory-standard/,New/Current or Comparison,Nurgling Green,#E7EFC6,12.17
AK_3GEN_JAPANESE_BROWN,AK Interactive,AK 3rd Gen,3rd Gen,3GEN,AK-11123,Japanese Brown,JAPANESE BROWN,#956E1D,149,110,29,149:110:29,Acrylic/Metallic comparison color,Active/Unknown,AK Interactive source workbooks,Hex/RGB filled from 3rd Gen General source workbook; nearest GW match calculated from GW registry for comparison only.,,Japanese Brown,3rd Gen General,https://ak-interactive.com/product/japanese-brown-standard/,New/Current or Comparison,Balor Brown,#9C6B08,22.34
AK_3GEN_KING_PURPLE,AK Interactive,AK 3rd Gen,3rd Gen,3GEN,,King Purple,KING PURPLE,#551A8B,85,26,139,85:26:139,Acrylic/Metallic comparison color,Active/Unknown,883483738-7-in-1-comparison-tool-stahly-V15.pdf,"Extracted from 7-in-1 comparison tool; use as reference, not canonical. Hex/RGB manually fixed from user-updated Missing_Color_Audit.",,King Purple,Manual Color Fix,,,,,
AK_3GEN_LASER_MAGENTA,AK Interactive,AK 3rd Gen,3rd Gen,3GEN,AK-11066,Laser Magenta,LASER MAGENTA,#6B102E,107,16,46,107:16:46,Acrylic/Metallic comparison color,Active/Unknown,AK Interactive source workbooks,Hex/RGB filled from 3rd Gen General source workbook; nearest GW match calculated from GW registry for comparison only.,,Laser Magenta,3rd Gen General,https://ak-interactive.com/product/laser-magenta-standard/,Base,Screamer Pink,#7C1645,29.22
AK_3GEN_LASER_YELLOW,AK Interactive,AK 3rd Gen,3rd Gen,3GEN,AK-11048,Laser Yellow,LASER YELLOW,#F0E639,240,230,57,240:230:57,Acrylic/Metallic comparison color,Active/Unknown,AK Interactive source workbooks,Hex/RGB filled from 3rd Gen General source workbook; nearest GW match calculated from GW registry for comparison only.,,Laser Yellow,3rd Gen General,https://ak-interactive.com/product/laser-yellow-standard/,Shade,Casandora Yellow,#F1CB4E,34.22
AK_3GEN_LEAD_GREY,AK Interactive,AK 3rd Gen,3rd Gen,3GEN,AK-11023,Lead Grey,LEAD GREY,#454843,69,72,67,69:72:67,Acrylic/Metallic comparison color,Active/Unknown,AK Interactive source workbooks,Hex/RGB filled from 3rd Gen General source workbook; nearest GW match calculated from GW registry for comparison only.,,Lead Grey,3rd Gen General,https://ak-interactive.com/product/lead-grey-standard/,New/Current or Comparison,Stormvermin Fur,#4D4A4A,10.82
AK_3GEN_LEATHER_BROWN,AK Interactive,AK 3rd Gen,3rd Gen,3GEN,AK-11110,Leather Brown,LEATHER BROWN,#45311E,69,49,30,69:49:30,Acrylic/Metallic comparison color,Active/Unknown,AK Interactive source workbooks,Hex/RGB filled from 3rd Gen General source workbook; nearest GW match calculated from GW registry for comparison only.,,Leather Brown,3rd Gen General,https://ak-interactive.com/product/leather-brown-standard/,New/Current or Comparison,Warplock Bronze,#393121,12.37
AK_3GEN_LEMON_YELLOW,AK Interactive,AK 3rd Gen,3rd Gen,3GEN,AK-11047,Lemon Yellow,LEMON YELLOW,#FFE221,255,226,33,255:226:33,Acrylic/Metallic comparison color,Active/Unknown,AK Interactive source workbooks,Hex/RGB filled from 3rd Gen General source workbook; nearest GW match calculated from GW registry for comparison only.,,Lemon Yellow,3rd Gen General,https://ak-interactive.com/product/lemon-yellow-standard/,Layer,Yriel Yellow,#FFDB01,32.76
AK_3GEN_LIGHT_BROWN,AK Interactive,AK 3rd Gen,3rd Gen,3GEN,AK-11100,Light Brown,LIGHT BROWN,#CF8138,207,129,56,207:129:56,Acrylic/Metallic comparison color,Active/Unknown,AK Interactive source workbooks,Hex/RGB filled from 3rd Gen General source workbook; nearest GW match calculated from GW registry for comparison only.,,Light Brown,3rd Gen General,https://ak-interactive.com/product/light-brown-standard/,New/Current or Comparison,Reikland Fleshshade,#CE8C42,14.9
AK_3GEN_LIGHT_EARTH,AK Interactive,AK 3rd Gen,3rd Gen,3GEN,AK-11115,Light Earth,LIGHT EARTH,#D0B57E,208,181,126,208:181:126,Acrylic/Metallic comparison color,Active/Unknown,AK Interactive source workbooks,Hex/RGB filled from 3rd Gen General source workbook; nearest GW match calculated from GW registry for comparison only.,,Light Earth,3rd Gen General,https://ak-interactive.com/product/light-earth-standard/,Layer,Flayed One Flesh,#CBB48B,13.96
AK_3GEN_LIGHT_FLESH,AK Interactive,AK 3rd Gen,3rd Gen,3GEN,AK-11050,Light Flesh,LIGHT FLESH,#FEDEB4,254,222,180,254:222:180,Acrylic/Metallic comparison color,Active/Unknown,AK Interactive source workbooks,Hex/RGB filled from 3rd Gen General source workbook; nearest GW match calculated from GW registry for comparison only.,,Light Flesh,3rd Gen General,https://ak-interactive.com/product/light-flesh-standard/,New/Current or Comparison,Ushabti Bone,#EFD9A8,19.85
AK_3GEN_LIGHT_GREEN,AK Interactive,AK 3rd Gen,3rd Gen,3GEN,AK-11141,Light Green,LIGHT GREEN,#5A9232,90,146,50,90:146:50,Acrylic/Metallic comparison color,Active/Unknown,AK Interactive source workbooks,Hex/RGB filled from 3rd Gen General source workbook; nearest GW match calculated from GW registry for comparison only.,,Light Green,3rd Gen General,https://ak-interactive.com/product/light-green-standard/,Dry,Niblet Green,#648B32,12.21
AK_3GEN_LIGHT_ORANGE,AK Interactive,AK 3rd Gen,3rd Gen,3GEN,AK-11077,Light Orange,LIGHT ORANGE,#EF7B3D,239,123,61,239:123:61,Acrylic Paint,Active/Unknown,AK Interactive source workbooks,Hex/RGB filled from 3rd Gen General source workbook; nearest GW match calculated from GW registry for comparison only.,,Light Orange,3rd Gen General,https://ak-interactive.com/product/light-orange-standard/,Layer,Troll Slayer Orange,#F46C2E,21.79
AK_3GEN_LIGHT_PRUSSIAN_BLUE,AK Interactive,AK 3rd Gen,3rd Gen,3GEN,AK-11186,Light Prussian Blue,LIGHT PRUSSIAN BLUE,#122C38,18,44,56,18:44:56,Acrylic/Metallic comparison color,Active/Unknown,AK Interactive source workbooks,Hex/RGB filled from 3rd Gen General source workbook; nearest GW match calculated from GW registry for comparison only.,,Light Prussian Blue,3rd Gen General,https://ak-interactive.com/product/light-prussian-blue-standard/,Base,Abaddon Black,#231F20,32.16
AK_3GEN_LIGHT_RUST,AK Interactive,AK 3rd Gen,3rd Gen,3GEN,AK-11105,Light Rust,LIGHT RUST,#DA5714,218,87,20,218:87:20,Acrylic/Metallic comparison color,Active/Unknown,AK Interactive source workbooks,Hex/RGB filled from 3rd Gen General source workbook; nearest GW match calculated from GW registry for comparison only.,,Light Rust,3rd Gen General,https://ak-interactive.com/product/light-rust-standard/,Dry,Ryza Rust,#CE6426,25.24
AK_3GEN_LILAC,AK Interactive,AK 3rd Gen,3rd Gen,3GEN,AK-11071,Lilac,LILAC,#656074,101,96,116,101:96:116,Acrylic/Metallic comparison color,Active/Unknown,AK Interactive source workbooks,Hex/RGB filled from 3rd Gen General source workbook; nearest GW match calculated from GW registry for comparison only.,,Lilac,3rd Gen General,https://ak-interactive.com/product/lilac-standard/,Layer,Warpfiend Grey,#6C6A75,12.25
AK_3GEN_LIME_GREEN,AK Interactive,AK 3rd Gen,3rd Gen,3GEN,AK-11137,Lime Green,LIME GREEN,#839F2A,131,159,42,131:159:42,Acrylic/Metallic comparison color,Active/Unknown,AK Interactive source workbooks,Hex/RGB filled from 3rd Gen General source workbook; nearest GW match calculated from GW registry for comparison only.,,Lime Green,3rd Gen General,https://ak-interactive.com/product/lime-green-standard/,Layer,Elysian Green,#758E3A,27.22
AK_3GEN_LIZARD_GREEN,AK Interactive,AK 3rd Gen,3rd Gen,3GEN,AK-11145,Lizard Green,LIZARD GREEN,#175A32,23,90,50,23:90:50,Acrylic/Metallic comparison color,Active/Unknown,AK Interactive source workbooks,Hex/RGB filled from 3rd Gen General source workbook; nearest GW match calculated from GW registry for comparison only.,,Lizard Green,3rd Gen General,https://ak-interactive.com/product/lizard-green-standard/,Base,Waaagh! Flesh,#20552B,12.45
AK_3GEN_LUMINOUS_FLESH,AK Interactive,AK 3rd Gen,3rd Gen,3GEN,AK-11051,Luminous Flesh,LUMINOUS FLESH,#EEC280,238,194,128,238:194:128,Acrylic/Metallic comparison color,Active/Unknown,AK Interactive source workbooks,Hex/RGB filled from 3rd Gen General source workbook; nearest GW match calculated from GW registry for comparison only.,,Luminous Flesh,3rd Gen General,https://ak-interactive.com/product/luminous-flesh-standard/,Dry,Eldar Flesh,#EDC184,4.24
AK_3GEN_LUMINOUS_GREEN,AK Interactive,AK 3rd Gen,3rd Gen,3GEN,AK-11128,Luminous Green,LUMINOUS GREEN,#CBD641,203,214,65,203:214:65,Acrylic/Metallic comparison color,Active/Unknown,AK Interactive source workbooks,Hex/RGB filled from 3rd Gen General source workbook; nearest GW match calculated from GW registry for comparison only.,,Luminous Green,3rd Gen General,https://ak-interactive.com/product/luminous-green-standard/,New/Current or Comparison,Gehenna's Gold,#CCCC33,17.23
AK_3GEN_MAGENTA,AK Interactive,AK 3rd Gen,3rd Gen,3GEN,AK-11067,Magenta,MAGENTA,#B23360,178,51,96,178:51:96,Acrylic/Metallic comparison color,Active/Unknown,AK Interactive source workbooks,Hex/RGB filled from 3rd Gen General source workbook; nearest GW match calculated from GW registry for comparison only.,,Magenta,3rd Gen General,https://ak-interactive.com/product/magenta-standard/,Layer,Emperor's Children,#B94278,29.15
AK_3GEN_MAHOGANY_BROWN,AK Interactive,AK 3rd Gen,3rd Gen,3GEN,AK-11106,Mahogany Brown,MAHOGANY BROWN,#612C10,97,44,16,97:44:16,Acrylic/Metallic comparison color,Active/Unknown,AK Interactive source workbooks,Hex/RGB filled from 3rd Gen General source workbook; nearest GW match calculated from GW registry for comparison only.,,Mahogany Brown,3rd Gen General,https://ak-interactive.com/product/mahogany-brown-standard/,New/Current or Comparison,Mournfang Brown,#663300,18.17
AK_3GEN_MATT_RED,AK Interactive,AK 3rd Gen,3rd Gen,3GEN,AK-11092,Matt Red,MATT RED,#B4321B,180,50,27,180:50:27,Acrylic/Metallic comparison color,Active/Unknown,AK Interactive source workbooks,Hex/RGB filled from 3rd Gen General source workbook; nearest GW match calculated from GW registry for comparison only.,,Matt Red,3rd Gen General,https://ak-interactive.com/product/matt-red-standard/,Shade,Reikland Fleshshade,#A34529,29.09
AK_3GEN_MEDIUM_BLUE,AK Interactive,AK 3rd Gen,3rd Gen,3GEN,AK-11184,Medium Blue,MEDIUM BLUE,#183A48,24,58,72,24:58:72,Acrylic/Metallic comparison color,Active/Unknown,AK Interactive source workbooks,Hex/RGB filled from 3rd Gen General source workbook; nearest GW match calculated from GW registry for comparison only.,,Medium Blue,3rd Gen General,https://ak-interactive.com/product/medium-blue-standard/,New/Current or Comparison,Drakenhof Nightshade,#273E53,19.03
AK_3GEN_MEDIUM_FLESH_TONE,AK Interactive,AK 3rd Gen,3rd Gen,3GEN,AK-11054,Medium Flesh Tone,MEDIUM FLESH TONE,#CA812E,202,129,46,202:129:46,Acrylic/Metallic comparison color,Active/Unknown,AK Interactive source workbooks,Hex/RGB filled from 3rd Gen General source workbook; nearest GW match calculated from GW registry for comparison only.,,Medium Flesh Tone,3rd Gen General,https://ak-interactive.com/product/medium-flesh-tone-standard/,Old/Discontinued,Leprous Brown*,#D88E2D,19.13
AK_3GEN_MEDIUM_GREY,AK Interactive,AK 3rd Gen,3rd Gen,3GEN,AK-11010,Medium Grey,MEDIUM GREY,#B7B9A2,183,185,162,183:185:162,Acrylic/Metallic comparison color,Active/Unknown,AK Interactive source workbooks,Hex/RGB filled from 3rd Gen General source workbook; nearest GW match calculated from GW registry for comparison only.,,Medium Grey,3rd Gen General,https://ak-interactive.com/product/medium-grey-standard/,Base,Runelord Brass,#BCAFA0,11.36
AK_3GEN_MEDIUM_OLIVE_GREEN,AK Interactive,AK 3rd Gen,3rd Gen,3GEN,AK-11148,Medium Olive Green,MEDIUM OLIVE GREEN,#3F5120,63,81,32,63:81:32,Acrylic/Metallic comparison color,Active/Unknown,AK Interactive source workbooks,Hex/RGB filled from 3rd Gen General source workbook; nearest GW match calculated from GW registry for comparison only.,,Medium Olive Green,3rd Gen General,https://ak-interactive.com/product/medium-olive-green-standard/,Base,Castellan Green,#304921,17.03
AK_3GEN_MEDIUM_RUST,AK Interactive,AK 3rd Gen,3rd Gen,3GEN,AK-11103,Medium Rust,MEDIUM RUST,#9E4B30,158,75,48,158:75:48,Acrylic/Metallic comparison color,Active/Unknown,AK Interactive source workbooks,Hex/RGB filled from 3rd Gen General source workbook; nearest GW match calculated from GW registry for comparison only.,,Medium Rust,3rd Gen General,https://ak-interactive.com/product/medium-rust-standard/,Shade,Reikland Fleshshade,#A34529,10.49
AK_3GEN_MEDIUM_SAND,AK Interactive,AK 3rd Gen,3rd Gen,3GEN,AK-11034,Medium Sand,MEDIUM SAND,#CD9A32,205,154,50,205:154:50,Acrylic/Metallic comparison color,Active/Unknown,AK Interactive source workbooks,Hex/RGB filled from 3rd Gen General source workbook; nearest GW match calculated from GW registry for comparison only.,,Medium Sand,3rd Gen General,https://ak-interactive.com/product/medium-sand-standard/,Old/Discontinued,Leprous Brown*,#D88E2D,17.03
AK_3GEN_MEDIUM_SEA_GREEN,AK Interactive,AK 3rd Gen,3rd Gen,3GEN,,Medium Sea-Green,MEDIUM SEA-GREEN,#3CB371,60,179,113,60:179:113,Acrylic/Metallic comparison color,Active/Unknown,883483738-7-in-1-comparison-tool-stahly-V15.pdf,"Extracted from 7-in-1 comparison tool; use as reference, not canonical. Hex/RGB manually fixed from user-updated Missing_Color_Audit.",,Medium Sea-Green,Manual Color Fix,,,,,
AK_3GEN_METALLIC_BLUE,AK Interactive,AK 3rd Gen,3rd Gen,3GEN,AK-11199,Metallic Blue,METALLIC BLUE,#859E9B,133,158,155,133:158:155,Acrylic/Metallic comparison color,Active/Unknown,AK Interactive source workbooks,Hex/RGB filled from 3rd Gen General source workbook; nearest GW match calculated from GW registry for comparison only.,,Metallic Blue,3rd Gen General,https://ak-interactive.com/product/metallic-blue-metallic/,Layer,Ironbreaker,#94999D,15.94
AK_3GEN_METALLIC_GREEN,AK Interactive,AK 3rd Gen,3rd Gen,3GEN,AK-11205,Metallic Green,METALLIC GREEN,#74974E,116,151,78,116:151:78,Acrylic/Metallic comparison color,Active/Unknown,AK Interactive source workbooks,Hex/RGB filled from 3rd Gen General source workbook; nearest GW match calculated from GW registry for comparison only.,,Metallic Green,3rd Gen General,https://ak-interactive.com/product/metallic-green-metallic/,Shade,Athonian Camoshade,#798C3D,20.86
AK_3GEN_MIDDLE_STONE,AK Interactive,AK 3rd Gen,3rd Gen,3GEN,AK-11124,Middle Stone,MIDDLE STONE,#8C7029,140,112,41,140:112:41,Acrylic/Metallic comparison color,Active/Unknown,AK Interactive source workbooks,Hex/RGB filled from 3rd Gen General source workbook; nearest GW match calculated from GW registry for comparison only.,,Middle Stone,3rd Gen General,https://ak-interactive.com/product/middle-stone-standard/,Old/Discontinued,Tausept Ochre,#976F3C,21.98
AK_3GEN_MINT_GREEN,AK Interactive,AK 3rd Gen,3rd Gen,3GEN,AK-11143,Mint Green,MINT GREEN,#028D61,2,141,97,2:141:97,Acrylic/Metallic comparison color,Active/Unknown,AK Interactive source workbooks,Hex/RGB filled from 3rd Gen General source workbook; nearest GW match calculated from GW registry for comparison only.,,Mint Green,3rd Gen General,https://ak-interactive.com/product/mint-green-standard/,Layer,Kabalite Green,#028D66,5
AK_3GEN_MUD_BROWN,AK Interactive,AK 3rd Gen,3rd Gen,3GEN,AK-11120,Mud Brown,MUD BROWN,#725532,114,85,50,114:85:50,Acrylic/Metallic comparison color,Active/Unknown,AK Interactive source workbooks,Hex/RGB filled from 3rd Gen General source workbook; nearest GW match calculated from GW registry for comparison only.,,Mud Brown,3rd Gen General,https://ak-interactive.com/product/mud-brown-standard/,New/Current or Comparison,Steel Legion Drab,#655138,14.87
AK_3GEN_NATURAL_STEEL,AK Interactive,AK 3rd Gen,3rd Gen,3GEN,AK-11210,Natural Steel,NATURAL STEEL,#A3A29D,163,162,157,163:162:157,Acrylic/Metallic comparison color,Active/Unknown,AK Interactive source workbooks,Hex/RGB filled from 3rd Gen General source workbook; nearest GW match calculated from GW registry for comparison only.,,Natural Steel,3rd Gen General,https://ak-interactive.com/product/natural-steel-metallic/,Base,Rakarth Flesh,#A29E92,11.75
AK_3GEN_NEUTRAL_GREY,AK Interactive,AK 3rd Gen,3rd Gen,3GEN,AK-11018,Neutral Grey,NEUTRAL GREY,#686F69,104,111,105,104:111:105,Acrylic/Metallic comparison color,Active/Unknown,AK Interactive source workbooks,Hex/RGB filled from 3rd Gen General source workbook; nearest GW match calculated from GW registry for comparison only.,,Neutral Grey,3rd Gen General,https://ak-interactive.com/product/neutral-grey-standard/,Dry,Dawnstone,#70756E,11.18
AK_3GEN_OCEAN_BLUE,AK Interactive,AK 3rd Gen,3rd Gen,3GEN,AK-11173,Ocean Blue,OCEAN BLUE,#203736,32,55,54,32:55:54,Acrylic/Metallic comparison color,Active/Unknown,AK Interactive source workbooks,Hex/RGB filled from 3rd Gen General source workbook; nearest GW match calculated from GW registry for comparison only.,,Ocean Blue,3rd Gen General,https://ak-interactive.com/product/ocean-blue-standard/,Base,Dryad Bark,#34312C,23.15
AK_3GEN_OCHRE,AK Interactive,AK 3rd Gen,3rd Gen,3GEN,AK-11118,Ochre,OCHRE,#C7952E,199,149,46,199:149:46,Acrylic/Metallic comparison color,Active/Unknown,AK Interactive source workbooks,Hex/RGB filled from 3rd Gen General source workbook; nearest GW match calculated from GW registry for comparison only.,,Ochre,3rd Gen General,https://ak-interactive.com/product/ochre-standard/,Old/Discontinued,Leprous Brown*,#D88E2D,18.41
AK_3GEN_OFFWHITE,AK Interactive,AK 3rd Gen,3rd Gen,3GEN,AK-11002,Offwhite,OFFWHITE,#EDEBE2,237,235,226,237:235:226,Acrylic/Metallic comparison color,Active/Unknown,AK Interactive source workbooks,Hex/RGB filled from 3rd Gen General source workbook; nearest GW match calculated from GW registry for comparison only.,,Offwhite,3rd Gen General,https://ak-interactive.com/product/offwhite-standard/,Dry,Wrack White,#DEDAD9,24.39
AK_3GEN_OILY_STEEL,AK Interactive,AK 3rd Gen,3rd Gen,3GEN,AK-11211,Oily Steel,OILY STEEL,#A4A18D,164,161,141,164:161:141,Acrylic/Metallic comparison color,Active/Unknown,AK Interactive source workbooks,Hex/RGB filled from 3rd Gen General source workbook; nearest GW match calculated from GW registry for comparison only.,,Oily Steel,3rd Gen General,https://ak-interactive.com/product/oily-steel-metallic/,Base,Rakarth Flesh,#A29E92,6.16
AK_3GEN_OLD_GOLD,AK Interactive,AK 3rd Gen,3rd Gen,3GEN,AK-11192,Old Gold,OLD GOLD,#B59116,181,145,22,181:145:22,Acrylic/Metallic comparison color,Active/Unknown,AK Interactive source workbooks,Hex/RGB filled from 3rd Gen General source workbook; nearest GW match calculated from GW registry for comparison only.,,Old Gold,3rd Gen General,https://ak-interactive.com/product/old-gold-metallic/,New/Current or Comparison,Zamesi Desert,#C68400,30.69
AK_3GEN_OLD_ROSE,AK Interactive,AK 3rd Gen,3rd Gen,3GEN,AK-11062,Old Rose,OLD ROSE,#F3957D,243,149,125,243:149:125,Acrylic/Metallic comparison color,Active/Unknown,AK Interactive source workbooks,Hex/RGB filled from 3rd Gen General source workbook; nearest GW match calculated from GW registry for comparison only.,,Old Rose,3rd Gen General,https://ak-interactive.com/product/old-rose-standard/,Layer,Lugganath Orange,#F89E86,13.67
AK_3GEN_OLD_TURQUOISE,AK Interactive,AK 3rd Gen,3rd Gen,3GEN,,Old Turquoise,OLD TURQUOISE,#538D87,83,141,135,83:141:135,Acrylic/Metallic comparison color,Active/Unknown,883483738-7-in-1-comparison-tool-stahly-V15.pdf,"Extracted from 7-in-1 comparison tool; use as reference, not canonical. Hex/RGB manually fixed from user-updated Missing_Color_Audit.",,Old Turquoise,Manual Color Fix,,,,,
AK_3GEN_OLIVE_GREEN,AK Interactive,AK 3rd Gen,3rd Gen,3GEN,AK-11147,Olive Green,OLIVE GREEN,#4C6124,76,97,36,76:97:36,Acrylic/Metallic comparison color,Active/Unknown,AK Interactive source workbooks,Hex/RGB filled from 3rd Gen General source workbook; nearest GW match calculated from GW registry for comparison only.,,Olive Green,3rd Gen General,https://ak-interactive.com/product/olive-green-standard/,Layer,Loren Forest,#51702D,18.19
AK_3GEN_ORANGE_BROWN,AK Interactive,AK 3rd Gen,3rd Gen,3GEN,AK-11101,Orange Brown,ORANGE BROWN,#B3591F,179,89,31,179:89:31,Acrylic Paint,Active/Unknown,AK Interactive source workbooks,Hex/RGB filled from 3rd Gen General source workbook; nearest GW match calculated from GW registry for comparison only.,,Orange Brown,3rd Gen General,https://ak-interactive.com/product/orange-brown-standard/,Base,Screaming Bell,#B3562B,12.37
AK_3GEN_OXFORD,AK Interactive,AK 3rd Gen,3rd Gen,3GEN,AK-11188,Oxford,OXFORD,#353A42,53,58,66,53:58:66,Acrylic/Metallic comparison color,Active/Unknown,AK Interactive source workbooks,Hex/RGB filled from 3rd Gen General source workbook; nearest GW match calculated from GW registry for comparison only.,,Oxford,3rd Gen General,https://ak-interactive.com/product/oxford-standard/,New/Current or Comparison,Leadbelcher,#393939,9.9
AK_3GEN_PALE_BLUE,AK Interactive,AK 3rd Gen,3rd Gen,3GEN,AK-11161,Pale Blue,PALE BLUE,#B5C4B7,181,196,183,181:196:183,Acrylic/Metallic comparison color,Active/Unknown,AK Interactive source workbooks,Hex/RGB filled from 3rd Gen General source workbook; nearest GW match calculated from GW registry for comparison only.,,Pale Blue,3rd Gen General,https://ak-interactive.com/product/pale-blue-standard/,New/Current or Comparison,Administratum Grey,#B5B5B5,15.13
AK_3GEN_PALE_GREY,AK Interactive,AK 3rd Gen,3rd Gen,3GEN,AK-11013,Pale Grey,PALE GREY,#AEB0B6,174,176,182,174:176:182,Acrylic/Metallic comparison color,Active/Unknown,AK Interactive source workbooks,Hex/RGB filled from 3rd Gen General source workbook; nearest GW match calculated from GW registry for comparison only.,,Pale Grey,3rd Gen General,https://ak-interactive.com/product/pale-grey-standard/,Dry,Necron Compound,#B1B5B8,6.16
AK_3GEN_PALE_SAND,AK Interactive,AK 3rd Gen,3rd Gen,3GEN,AK-11032,Pale Sand,PALE SAND,#EFD782,239,215,130,239:215:130,Acrylic/Metallic comparison color,Active/Unknown,AK Interactive source workbooks,Hex/RGB filled from 3rd Gen General source workbook; nearest GW match calculated from GW registry for comparison only.,,Pale Sand,3rd Gen General,https://ak-interactive.com/product/pale-sand-standard/,Layer,Dorn Yellow,#E3D28C,16.4
AK_3GEN_PALE_YELLOW,AK Interactive,AK 3rd Gen,3rd Gen,3GEN,AK-11038,Pale Yellow,PALE YELLOW,#FEDD5B,254,221,91,254:221:91,Acrylic/Metallic comparison color,Active/Unknown,AK Interactive source workbooks,Hex/RGB filled from 3rd Gen General source workbook; nearest GW match calculated from GW registry for comparison only.,,Pale Yellow,3rd Gen General,https://ak-interactive.com/product/pale-yellow-standard/,Shade,Casandora Yellow,#F1CB4E,25.73
AK_3GEN_PASTEL_BLUE,AK Interactive,AK 3rd Gen,3rd Gen,3GEN,AK-11168,Pastel Blue,PASTEL BLUE,#BCDCB8,188,220,184,188:220:184,Acrylic/Metallic comparison color,Active/Unknown,AK Interactive source workbooks,Hex/RGB filled from 3rd Gen General source workbook; nearest GW match calculated from GW registry for comparison only.,,Pastel Blue,3rd Gen General,https://ak-interactive.com/product/pastel-blue-pastel/,Layer,Pallid Wych Flesh,#CDCEBE,22.83
AK_3GEN_PASTEL_GREEN,AK Interactive,AK 3rd Gen,3rd Gen,3GEN,AK-11131,Pastel Green,PASTEL GREEN,#AAD29A,170,210,154,170:210:154,Acrylic/Metallic comparison color,Active/Unknown,AK Interactive source workbooks,Hex/RGB filled from 3rd Gen General source workbook; nearest GW match calculated from GW registry for comparison only.,,Pastel Green,3rd Gen General,https://ak-interactive.com/product/pastel-green-pastel/,Layer,Ushabti Bone,#BCBC80,38.52
AK_3GEN_PASTEL_PEACH,AK Interactive,AK 3rd Gen,3rd Gen,3GEN,AK-11076,Pastel Peach,PASTEL PEACH,#F49A57,244,154,87,244:154:87,Acrylic/Metallic comparison color,Active/Unknown,AK Interactive source workbooks,Hex/RGB filled from 3rd Gen General source workbook; nearest GW match calculated from GW registry for comparison only.,,Pastel Peach,3rd Gen General,https://ak-interactive.com/product/pastel-peach-pastel/,Technical,Martian Ironcrust,#F5945D,8.54
AK_3GEN_PASTEL_PINK,AK Interactive,AK 3rd Gen,3rd Gen,3GEN,AK-11059,Pastel Pink,PASTEL PINK,#F9C2A9,249,194,169,249:194:169,Acrylic/Metallic comparison color,Active/Unknown,AK Interactive source workbooks,Hex/RGB filled from 3rd Gen General source workbook; nearest GW match calculated from GW registry for comparison only.,,Pastel Pink,3rd Gen General,https://ak-interactive.com/product/pastel-pink-pastel/,New/Current or Comparison,Ushabti Bone,#EFD9A8,25.1
AK_3GEN_PASTEL_VIOLET,AK Interactive,AK 3rd Gen,3rd Gen,3GEN,AK-11069,Pastel Violet,PASTEL VIOLET,#FDE7F1,253,231,241,253:231:241,Acrylic/Metallic comparison color,Active/Unknown,AK Interactive source workbooks,Hex/RGB filled from 3rd Gen General source workbook; nearest GW match calculated from GW registry for comparison only.,,Pastel Violet,3rd Gen General,https://ak-interactive.com/product/pastel-violet-pastel/,Technical,Valhallan Blizzard,#FDF9EE,18.25
AK_3GEN_PASTEL_YELLOW,AK Interactive,AK 3rd Gen,3rd Gen,3GEN,AK-11037,Pastel Yellow,PASTEL YELLOW,#FCDA75,252,218,117,252:218:117,Acrylic/Metallic comparison color,Active/Unknown,AK Interactive source workbooks,Hex/RGB filled from 3rd Gen General source workbook; nearest GW match calculated from GW registry for comparison only.,,Pastel Yellow,3rd Gen General,https://ak-interactive.com/product/pastel-yellow-pastel/,New/Current or Comparison,Kislev Flesh,#F7BD7B,30.03
AK_3GEN_PEARL,AK Interactive,AK 3rd Gen,3rd Gen,3GEN,AK-11206,Pearl,PEARL,#F6F2D9,246,242,217,246:242:217,Acrylic/Metallic comparison color,Active/Unknown,AK Interactive source workbooks,Hex/RGB filled from 3rd Gen General source workbook; nearest GW match calculated from GW registry for comparison only.,,Pearl,3rd Gen General,https://ak-interactive.com/product/pearl-metallic/,Technical,Valhallan Blizzard,#FDF9EE,23.22
AK_3GEN_PISTACHIO,AK Interactive,AK 3rd Gen,3rd Gen,3GEN,AK-11130,Pistachio,PISTACHIO,#DBD02A,219,208,42,219:208:42,Acrylic/Metallic comparison color,Active/Unknown,AK Interactive source workbooks,Hex/RGB filled from 3rd Gen General source workbook; nearest GW match calculated from GW registry for comparison only.,,Pistachio,3rd Gen General,https://ak-interactive.com/product/pistachio-standard/,New/Current or Comparison,Gehenna's Gold,#CCCC33,17.94
AK_3GEN_PURPLE,AK Interactive,AK 3rd Gen,3rd Gen,3GEN,AK-11073,Purple,PURPLE,#5B4650,91,70,80,91:70:80,Acrylic/Metallic comparison color,Active/Unknown,AK Interactive source workbooks,Hex/RGB filled from 3rd Gen General source workbook; nearest GW match calculated from GW registry for comparison only.,,Purple,3rd Gen General,https://ak-interactive.com/product/purple-standard/,New/Current or Comparison,Stormvermin Fur,#4D4A4A,15.75
AK_3GEN_PURULENT_YELLOW,AK Interactive,AK 3rd Gen,3rd Gen,3GEN,AK-11039,Purulent Yellow,PURULENT YELLOW,#EBD23A,235,210,58,235:210:58,Acrylic/Metallic comparison color,Active/Unknown,AK Interactive source workbooks,Hex/RGB filled from 3rd Gen General source workbook; nearest GW match calculated from GW registry for comparison only.,,Purulent Yellow,3rd Gen General,https://ak-interactive.com/product/purulent-yellow-standard/,Shade,Casandora Yellow,#F1CB4E,22.02
AK_3GEN_RADIANT_FLESH,AK Interactive,AK 3rd Gen,3rd Gen,3GEN,AK-11053,Radiant Flesh,RADIANT FLESH,#F8B058,248,176,88,248:176:88,Acrylic/Metallic comparison color,Active/Unknown,AK Interactive source workbooks,Hex/RGB filled from 3rd Gen General source workbook; nearest GW match calculated from GW registry for comparison only.,,Radiant Flesh,3rd Gen General,https://ak-interactive.com/product/radiant-flesh-standard/,Technical,Martian Ironcrust,#F5945D,28.6
AK_3GEN_RADIANT_YELLOW,AK Interactive,AK 3rd Gen,3rd Gen,3GEN,AK-11046,Radiant Yellow,RADIANT YELLOW,#FFD407,255,212,7,255:212:7,Acrylic/Metallic comparison color,Active/Unknown,AK Interactive source workbooks,Hex/RGB filled from 3rd Gen General source workbook; nearest GW match calculated from GW registry for comparison only.,,Radiant Yellow,3rd Gen General,https://ak-interactive.com/product/radiant-yellow-standard/,Layer,Yriel Yellow,#FFDB01,9.22
AK_3GEN_REDDISH_GREY,AK Interactive,AK 3rd Gen,3rd Gen,3GEN,AK-11017,Reddish Grey,REDDISH GREY,#7A6C53,122,108,83,122:108:83,Acrylic/Metallic comparison color,Active/Unknown,AK Interactive source workbooks,Hex/RGB filled from 3rd Gen General source workbook; nearest GW match calculated from GW registry for comparison only.,,Reddish Grey,3rd Gen General,https://ak-interactive.com/product/reddish-grey-standard/,New/Current or Comparison,Baneblade Brown,#705E50,17.46
AK_3GEN_REDSKIN_SHADOW,AK Interactive,AK 3rd Gen,3rd Gen,3GEN,,Redskin Shadow,REDSKIN SHADOW,#A52A2A,165,42,42,165:42:42,Acrylic/Metallic comparison color,Active/Unknown,883483738-7-in-1-comparison-tool-stahly-V15.pdf,"Extracted from 7-in-1 comparison tool; use as reference, not canonical. Hex/RGB manually fixed from user-updated Missing_Color_Audit.",,Redskin Shadow,Manual Color Fix,,,,,
AK_3GEN_REFLECTIVE_GREEN,AK Interactive,AK 3rd Gen,3rd Gen,3GEN,AK-11158,Reflective Green,REFLECTIVE GREEN,#352F17,53,47,23,53:47:23,Acrylic/Metallic comparison color,Active/Unknown,AK Interactive source workbooks,Hex/RGB filled from 3rd Gen General source workbook; nearest GW match calculated from GW registry for comparison only.,,Reflective Green,3rd Gen General,https://ak-interactive.com/product/reflective-green-standard/,New/Current or Comparison,Warplock Bronze,#393121,10.95
AK_3GEN_ROCK_GREY,AK Interactive,AK 3rd Gen,3rd Gen,3GEN,AK-11007,Rock Grey,ROCK GREY,#C0B898,192,184,152,192:184:152,Acrylic/Metallic comparison color,Active/Unknown,AK Interactive source workbooks,Hex/RGB filled from 3rd Gen General source workbook; nearest GW match calculated from GW registry for comparison only.,,Rock Grey,3rd Gen General,https://ak-interactive.com/product/rock-grey-standard/,Dry,Golden Griffon,#C6B791,9.27
AK_3GEN_RUBBER_BLACK,AK Interactive,AK 3rd Gen,3rd Gen,3GEN,AK-11027,Rubber Black,RUBBER BLACK,#2A2619,42,38,25,42:38:25,Acrylic/Metallic comparison color,Active/Unknown,AK Interactive source workbooks,Hex/RGB filled from 3rd Gen General source workbook; nearest GW match calculated from GW registry for comparison only.,,Rubber Black,3rd Gen General,https://ak-interactive.com/product/rubber-black-standard/,Base,Abaddon Black,#231F20,12.12
AK_3GEN_RUBY,AK Interactive,AK 3rd Gen,3rd Gen,3GEN,AK-11084,Ruby,RUBY,#CF4948,207,73,72,207:73:72,Acrylic/Metallic comparison color,Active/Unknown,AK Interactive source workbooks,Hex/RGB filled from 3rd Gen General source workbook; nearest GW match calculated from GW registry for comparison only.,,Ruby,3rd Gen General,https://ak-interactive.com/product/ruby-standard/,Layer,Squig Orange,#A94F44,38.68
AK_3GEN_RUSSIAN_GREEN,AK Interactive,AK 3rd Gen,3rd Gen,3GEN,AK-11159,Russian Green,RUSSIAN GREEN,#292A17,41,42,23,41:42:23,Acrylic/Metallic comparison color,Active/Unknown,AK Interactive source workbooks,Hex/RGB filled from 3rd Gen General source workbook; nearest GW match calculated from GW registry for comparison only.,,Russian Green,3rd Gen General,https://ak-interactive.com/product/russian-green-standard/,Base,Abaddon Black,#231F20,15.43
AK_3GEN_RUSTY_BRASS,AK Interactive,AK 3rd Gen,3rd Gen,3GEN,AK-11195,Rusty Brass,RUSTY BRASS,#9E4F16,158,79,22,158:79:22,Acrylic/Metallic comparison color,Active/Unknown,AK Interactive source workbooks,Hex/RGB filled from 3rd Gen General source workbook; nearest GW match calculated from GW registry for comparison only.,,Rusty Brass,3rd Gen General,https://ak-interactive.com/product/rusty-brass-metallic/,New/Current or Comparison,Hashut Copper,#9C5221,11.58
AK_3GEN_RUSTY_GOLD,AK Interactive,AK 3rd Gen,3rd Gen,3GEN,AK-11193,Rusty Gold,RUSTY GOLD,#6E4D19,110,77,25,110:77:25,Acrylic/Metallic comparison color,Active/Unknown,AK Interactive source workbooks,Hex/RGB filled from 3rd Gen General source workbook; nearest GW match calculated from GW registry for comparison only.,,Rusty Gold,3rd Gen General,https://ak-interactive.com/product/rusty-gold-metallic/,Base,XV-88,#72481E,8.12
AK_3GEN_SADDLE_BROWN,AK Interactive,AK 3rd Gen,3rd Gen,3GEN,AK-11104,Saddle Brown,SADDLE BROWN,#6A3B2C,106,59,44,106:59:44,Acrylic/Metallic comparison color,Active/Unknown,AK Interactive source workbooks,Hex/RGB filled from 3rd Gen General source workbook; nearest GW match calculated from GW registry for comparison only.,,Saddle Brown,3rd Gen General,https://ak-interactive.com/product/saddle-brown-standard/,Old/Discontinued,Beaten Copper,#73372D,9.9
AK_3GEN_SAHARA_YELLOW,AK Interactive,AK 3rd Gen,3rd Gen,3GEN,AK-11040,Sahara Yellow,SAHARA YELLOW,#B1940F,177,148,15,177:148:15,Acrylic/Metallic comparison color,Active/Unknown,AK Interactive source workbooks,Hex/RGB filled from 3rd Gen General source workbook; nearest GW match calculated from GW registry for comparison only.,,Sahara Yellow,3rd Gen General,https://ak-interactive.com/product/sahara-yellow-standard/,New/Current or Comparison,Zamesi Desert,#C68400,30.36
AK_3GEN_SALMON,AK Interactive,AK 3rd Gen,3rd Gen,3GEN,AK-11061,Salmon,SALMON,#F5A176,245,161,118,245:161:118,Acrylic/Metallic comparison color,Active/Unknown,AK Interactive source workbooks,Hex/RGB filled from 3rd Gen General source workbook; nearest GW match calculated from GW registry for comparison only.,,Salmon,3rd Gen General,https://ak-interactive.com/product/salmon-standard/,Layer,Lugganath Orange,#F89E86,16.55
AK_3GEN_SAND_YELLOW,AK Interactive,AK 3rd Gen,3rd Gen,3GEN,AK-11035,Sand Yellow,SAND YELLOW,#E9BD39,233,189,57,233:189:57,Acrylic/Metallic comparison color,Active/Unknown,AK Interactive source workbooks,Hex/RGB filled from 3rd Gen General source workbook; nearest GW match calculated from GW registry for comparison only.,,Sand Yellow,3rd Gen General,https://ak-interactive.com/product/sand-yellow-standard/,New/Current or Comparison,Auric Armour Gold,#E7BD42,9.22
AK_3GEN_SCARLET_RED,AK Interactive,AK 3rd Gen,3rd Gen,3GEN,AK-11087,Scarlet Red,SCARLET RED,#CF3B28,207,59,40,207:59:40,Acrylic/Metallic comparison color,Active/Unknown,AK Interactive source workbooks,Hex/RGB filled from 3rd Gen General source workbook; nearest GW match calculated from GW registry for comparison only.,,Scarlet Red,3rd Gen General,https://ak-interactive.com/product/scarlet-red-standard/,Layer,Wild Rider Red,#EB2E28,30.87
AK_3GEN_SICKLY_PINK,AK Interactive,AK 3rd Gen,3rd Gen,3GEN,AK-11060,Sickly Pink,SICKLY PINK,#F7B393,247,179,147,247:179:147,Acrylic/Metallic comparison color,Active/Unknown,AK Interactive source workbooks,Hex/RGB filled from 3rd Gen General source workbook; nearest GW match calculated from GW registry for comparison only.,,Sickly Pink,3rd Gen General,https://ak-interactive.com/product/sickly-pink-standard/,Dry,Kindleflame,#EFB494,8.12
AK_3GEN_SILVER,AK Interactive,AK 3rd Gen,3rd Gen,3GEN,AK-11209,Silver,SILVER,#9AA4A5,154,164,165,154:164:165,Acrylic/Metallic comparison color,Active/Unknown,AK Interactive source workbooks,Hex/RGB filled from 3rd Gen General source workbook; nearest GW match calculated from GW registry for comparison only.,,Silver,3rd Gen General,https://ak-interactive.com/product/silver-metallic/,New/Current or Comparison,Celestra Grey,#96A5A9,5.74
AK_3GEN_SILVER_GREY,AK Interactive,AK 3rd Gen,3rd Gen,3GEN,AK-11006,Silver Grey,SILVER GREY,#E5D9B9,229,217,185,229:217:185,Acrylic/Metallic comparison color,Active/Unknown,AK Interactive source workbooks,Hex/RGB filled from 3rd Gen General source workbook; nearest GW match calculated from GW registry for comparison only.,,Silver Grey,3rd Gen General,https://ak-interactive.com/product/silver-grey-standard/,New/Current or Comparison,Ushabti Bone,#EFD9A8,19.72
AK_3GEN_SKY_BLUE,AK Interactive,AK 3rd Gen,3rd Gen,3GEN,AK-11175,Sky Blue,SKY BLUE,#8AC4CC,138,196,204,138:196:204,Acrylic/Metallic comparison color,Active/Unknown,AK Interactive source workbooks,Hex/RGB filled from 3rd Gen General source workbook; nearest GW match calculated from GW registry for comparison only.,,Sky Blue,3rd Gen General,https://ak-interactive.com/product/sky-blue-standard/,Layer,Baharroth Blue,#78C4C7,18.68
AK_3GEN_SKY_GREY,AK Interactive,AK 3rd Gen,3rd Gen,3GEN,AK-11012,Sky Grey,SKY GREY,#BABAB7,186,186,183,186:186:183,Acrylic/Metallic comparison color,Active/Unknown,AK Interactive source workbooks,Hex/RGB filled from 3rd Gen General source workbook; nearest GW match calculated from GW registry for comparison only.,,Sky Grey,3rd Gen General,https://ak-interactive.com/product/sky-grey-standard/,New/Current or Comparison,Administratum Grey,#B5B5B5,7.35
AK_3GEN_SLIME_GREEN,AK Interactive,AK 3rd Gen,3rd Gen,3GEN,AK-11137,Slime Green,SLIME GREEN,#839F2A,131,159,42,131:159:42,Acrylic/Metallic comparison color,Active/Unknown,AK Interactive source workbooks,Hex/RGB filled from 3rd Gen General source workbook; nearest GW match calculated from GW registry for comparison only.,,Lime Green,3rd Gen General,https://ak-interactive.com/product/lime-green-standard/,Layer,Elysian Green,#758E3A,27.22
AK_3GEN_SMOKE_BLACK,AK Interactive,AK 3rd Gen,3rd Gen,3GEN,AK-11028,Smoke Black,SMOKE BLACK,#2C2C22,44,44,34,44:44:34,Acrylic/Metallic comparison color,Active/Unknown,AK Interactive source workbooks,Hex/RGB filled from 3rd Gen General source workbook; nearest GW match calculated from GW registry for comparison only.,,Smoke Black,3rd Gen General,https://ak-interactive.com/product/smoke-black-standard/,Base,Dryad Bark,#34312C,13.75
AK_3GEN_SNOW_BLUE,AK Interactive,AK 3rd Gen,3rd Gen,3GEN,AK-11174,Snow Blue,SNOW BLUE,#C9E4E0,201,228,224,201:228:224,Acrylic/Metallic comparison color,Active/Unknown,AK Interactive source workbooks,Hex/RGB filled from 3rd Gen General source workbook; nearest GW match calculated from GW registry for comparison only.,,Snow Blue,3rd Gen General,https://ak-interactive.com/product/snow-blue-standard/,Layer,Ulthuan Grey,#C7E0DA,7.48
AK_3GEN_SPECTRUM_BLUE,AK Interactive,AK 3rd Gen,3rd Gen,3GEN,AK-11162,Spectrum Blue,SPECTRUM BLUE,#B3BEBF,179,190,191,179:190:191,Acrylic/Metallic comparison color,Active/Unknown,AK Interactive source workbooks,Hex/RGB filled from 3rd Gen General source workbook; nearest GW match calculated from GW registry for comparison only.,,Spectrum Blue,3rd Gen General,https://ak-interactive.com/product/spectrum-blue-standard/,New/Current or Comparison,Runefang Steel,#B5B5BD,9.43
AK_3GEN_STAR_BLUE,AK Interactive,AK 3rd Gen,3rd Gen,3GEN,AK-11185,Star Blue,STAR BLUE,#064860,6,72,96,6:72:96,Acrylic/Metallic comparison color,Active/Unknown,AK Interactive source workbooks,Hex/RGB filled from 3rd Gen General source workbook; nearest GW match calculated from GW registry for comparison only.,,Star Blue,3rd Gen General,https://ak-interactive.com/product/star-blue-standard/,Base,Stegadon Scale Green,#074864,4.12
AK_3GEN_STRONG_DARK_BLUE,AK Interactive,AK 3rd Gen,3rd Gen,3GEN,AK-11187,Strong Dark Blue,STRONG DARK BLUE,#061520,6,21,32,6:21:32,Acrylic/Metallic comparison color,Active/Unknown,AK Interactive source workbooks,Hex/RGB filled from 3rd Gen General source workbook; nearest GW match calculated from GW registry for comparison only.,,Strong Dark Blue,3rd Gen General,https://ak-interactive.com/product/strong-dark-blue-standard/,Base,Abaddon Black,#231F20,30.68
AK_3GEN_SUN_RED,AK Interactive,AK 3rd Gen,3rd Gen,3GEN,,Sun Red,SUN RED,#FF0000,255,0,0,255:0:0,Acrylic/Metallic comparison color,Active/Unknown,883483738-7-in-1-comparison-tool-stahly-V15.pdf,"Extracted from 7-in-1 comparison tool; use as reference, not canonical. Hex/RGB manually fixed from user-updated Missing_Color_Audit.",,Sun Red,Manual Color Fix,,,,,
AK_3GEN_SUNNY_SKIN_TONE,AK Interactive,AK 3rd Gen,3rd Gen,3GEN,AK-11055,Sunny Skin Tone,SUNNY SKIN TONE,#F6A654,246,166,84,246:166:84,Acrylic/Metallic comparison color,Active/Unknown,AK Interactive source workbooks,Hex/RGB filled from 3rd Gen General source workbook; nearest GW match calculated from GW registry for comparison only.,,Sunny Skin Tone,3rd Gen General,https://ak-interactive.com/product/sunny-skin-tone-standard/,Technical,Martian Ironcrust,#F5945D,20.15
AK_3GEN_TAN_EARTH,AK Interactive,AK 3rd Gen,3rd Gen,3GEN,AK-11121,Tan Earth,TAN EARTH,#7D5B33,125,91,51,125:91:51,Acrylic/Metallic comparison color,Active/Unknown,AK Interactive source workbooks,Hex/RGB filled from 3rd Gen General source workbook; nearest GW match calculated from GW registry for comparison only.,,Tan Earth,3rd Gen General,https://ak-interactive.com/product/tan-earth-standard/,Base,Balthasar Gold,#87542F,12.85
AK_3GEN_TAN_YELOW,AK Interactive,AK 3rd Gen,3rd Gen,3GEN,AK-11116,Tan Yelow,TAN YELOW,#D29847,210,152,71,210:152:71,Acrylic/Metallic comparison color,Active/Unknown,AK Interactive source workbooks,Hex/RGB filled from 3rd Gen General source workbook; nearest GW match calculated from GW registry for comparison only.,,Tan Yellow,3rd Gen General,https://ak-interactive.com/product/tan-yellow-standard/,New/Current or Comparison,Reikland Fleshshade,#CE8C42,13.6
AK_3GEN_TENEBRIOUS_GREY,AK Interactive,AK 3rd Gen,3rd Gen,3GEN,AK-11026,Tenebrious Grey,TENEBRIOUS GREY,#2F2C21,47,44,33,47:44:33,Acrylic/Metallic comparison color,Active/Unknown,AK Interactive source workbooks,Hex/RGB filled from 3rd Gen General source workbook; nearest GW match calculated from GW registry for comparison only.,,Tenebrous Grey,3rd Gen General,https://ak-interactive.com/product/tenebrous-grey-standard/,New/Current or Comparison,Warplock Bronze,#393121,11.18
AK_3GEN_TURQUOISE,AK Interactive,AK 3rd Gen,3rd Gen,3GEN,AK-11171,Turquoise,TURQUOISE,#044B4E,4,75,78,4:75:78,Acrylic/Metallic comparison color,Active/Unknown,AK Interactive source workbooks,Hex/RGB filled from 3rd Gen General source workbook; nearest GW match calculated from GW registry for comparison only.,,Turquoise,3rd Gen General,https://ak-interactive.com/product/turquoise-standard/,Base,Incubi Darkness,#0B4849,9.11
AK_3GEN_ULTRAMARINE,AK Interactive,AK 3rd Gen,3rd Gen,3GEN,AK-11179,Ultramarine,ULTRAMARINE,#243776,36,55,118,36:55:118,Acrylic/Metallic comparison color,Active/Unknown,AK Interactive source workbooks,Hex/RGB filled from 3rd Gen General source workbook; nearest GW match calculated from GW registry for comparison only.,,Ultramarine,3rd Gen General,https://ak-interactive.com/product/ultramarine-standard/,New/Current or Comparison,Altdorf Guard Blue,#29397B,7.35
AK_3GEN_US_DARK_GREEN,AK Interactive,AK 3rd Gen,3rd Gen,3GEN,AK-11157,US Dark Green,US DARK GREEN,#433918,67,57,24,67:57:24,Acrylic/Metallic comparison color,Active/Unknown,AK Interactive source workbooks,Hex/RGB filled from 3rd Gen General source workbook; nearest GW match calculated from GW registry for comparison only.,,US Dark Green,3rd Gen General,https://ak-interactive.com/product/us-dark-green-standard/,New/Current or Comparison,Warplock Bronze,#393121,15.65
AK_3GEN_VAMPIRIC_FLESH,AK Interactive,AK 3rd Gen,3rd Gen,3GEN,AK-11057,Vampiric Flesh,VAMPIRIC FLESH,#CEBD82,206,189,130,206:189:130,Acrylic/Metallic comparison color,Active/Unknown,AK Interactive source workbooks,Hex/RGB filled from 3rd Gen General source workbook; nearest GW match calculated from GW registry for comparison only.,,Vampiric Flesh,3rd Gen General,https://ak-interactive.com/product/vampiric-flesh-standard/,Layer,Flayed One Flesh,#CBB48B,13.08
AK_3GEN_VERMILLION,AK Interactive,AK 3rd Gen,3rd Gen,3GEN,AK-11090,Vermillion,VERMILLION,#C64D33,198,77,51,198:77:51,Acrylic/Metallic comparison color,Active/Unknown,AK Interactive source workbooks,Hex/RGB filled from 3rd Gen General source workbook; nearest GW match calculated from GW registry for comparison only.,,Vermillion,3rd Gen General,https://ak-interactive.com/product/vermillion-standard/,Base,Screaming Bell,#B3562B,22.49
AK_3GEN_VIOLET_RED,AK Interactive,AK 3rd Gen,3rd Gen,3GEN,AK-11075,Violet Red,VIOLET RED,#583436,88,52,54,88:52:54,Acrylic/Metallic comparison color,Active/Unknown,AK Interactive source workbooks,Hex/RGB filled from 3rd Gen General source workbook; nearest GW match calculated from GW registry for comparison only.,,Violet Red,3rd Gen General,https://ak-interactive.com/product/violet-red-standard/,Old/Discontinued,Purple Ink,#513D3C,12.88
AK_3GEN_VOLCANIC_YELLOW,AK Interactive,AK 3rd Gen,3rd Gen,3GEN,AK-11042,Volcanic Yellow,VOLCANIC YELLOW,#F0921A,240,146,26,240:146:26,Acrylic/Metallic comparison color,Active/Unknown,AK Interactive source workbooks,Hex/RGB filled from 3rd Gen General source workbook; nearest GW match calculated from GW registry for comparison only.,,Volcanic Yellow,3rd Gen General,https://ak-interactive.com/product/volcanic-yellow-standard/,Technical,Blackfire Earth,#F8902F,22.56
AK_3GEN_WARM_GREY,AK Interactive,AK 3rd Gen,3rd Gen,3GEN,AK-11009,Warm Grey,WARM GREY,#B4A88A,180,168,138,180:168:138,Acrylic/Metallic comparison color,Active/Unknown,AK Interactive source workbooks,Hex/RGB filled from 3rd Gen General source workbook; nearest GW match calculated from GW registry for comparison only.,,Warm Grey,3rd Gen General,https://ak-interactive.com/product/warm-grey-standard/,Layer,Krieg Khaki,#B7AD78,18.92
AK_3GEN_WHITE,AK Interactive,AK 3rd Gen,3rd Gen,3GEN,AK-11001,White,WHITE,#FFFFFF,255,255,255,255:255:255,Acrylic/Metallic comparison color,Active/Unknown,AK Interactive source workbooks,Hex/RGB filled from 3rd Gen General source workbook; nearest GW match calculated from GW registry for comparison only.,,White,3rd Gen General,https://ak-interactive.com/product/white-intense/,Base,Corax White,#FFFFFF,0
AK_3GEN_WHITE_GREY,AK Interactive,AK 3rd Gen,3rd Gen,3GEN,AK-11003,White Grey,WHITE GREY,#F5F5EE,245,245,238,245:245:238,Acrylic/Metallic comparison color,Active/Unknown,AK Interactive source workbooks,Hex/RGB filled from 3rd Gen General source workbook; nearest GW match calculated from GW registry for comparison only.,,White Grey,3rd Gen General,https://ak-interactive.com/product/white-grey-standard/,Technical,Valhallan Blizzard,#FDF9EE,8.94
AK_3GEN_WINE_RED,AK Interactive,AK 3rd Gen,3rd Gen,3GEN,AK-11096,Wine Red,WINE RED,#681610,104,22,16,104:22:16,Acrylic/Metallic comparison color,Active/Unknown,AK Interactive source workbooks,Hex/RGB filled from 3rd Gen General source workbook; nearest GW match calculated from GW registry for comparison only.,,Wine Red,3rd Gen General,https://ak-interactive.com/product/wine-red-standard/,Base,Mournfang Brown,#650A09,14.21
AK_3GEN_YELLOW,AK Interactive,AK 3rd Gen,3rd Gen,3GEN,AK-11044,Yellow,YELLOW,#FAB719,250,183,25,250:183:25,Acrylic/Metallic comparison color,Active/Unknown,AK Interactive source workbooks,Hex/RGB filled from 3rd Gen General source workbook; nearest GW match calculated from GW registry for comparison only.,,Yellow,3rd Gen General,https://ak-interactive.com/product/yellow-standard/,Base,Averland Sunset,#FCB825,12.21
