Paint_ID,Company,Brand,Product_Line,Product_Line_Code,Paint_Code,Paint_Name,Normalized_Name,Hex,R,G,B,RGB,Paint_Type,Status,Source,Notes,Swatch,GW_Match_Name,GW_Match_Product_Line,GW_Match_Paint_ID,GW_Match_Hex,GW_Match_RGB,Comparison_Page,Match_Distance,Match_Confidence,GW_Match_Paint_ID,GW_Match_Name,GW_Match_Product_Line,GW_Match_Paint_Type,GW_Match_Hex,GW_Match_RGB,GW_RGB_Distance,Match_Confidence,GW_Match_Method
PA_PRO_ACRYL_BISMUTH_YELLOW,Monument Hobbies,Pro Acryl,Pro Acryl,PRO_ACRYL,,Bismuth Yellow,BISMUTH YELLOW,#FCB825,252,184,37,"252,184,37",Acrylic/Metallic comparison color,Active/Unknown,GW_registry_v6_colorfilled(1).xlsx; 883483738-7-in-1-comparison-tool-stahly-V15.pdf,"Approx Hex/RGB copied from GW registry using nearest GW swatch from Stahly 7-in-1 comparison PDF; not canonical Pro Acryl manufacturer color. GW match: Averland Sunset (Base), PDF p.4, confidence: Medium.",#FCB825,Averland Sunset,Base,GW_BASE_AVERLAND_SUNSET,#FCB825,"252,184,37",4,518.6,Medium,GW_BASE_AVERLAND_SUNSET,Averland Sunset,Base,Base,#FDB825,"253,184,37",1,High,Computed nearest Games Workshop swatch by Euclidean RGB distance from registry R/G/B values.
PA_PRO_ACRYL_PALE_YELLOW,Monument Hobbies,Pro Acryl,Pro Acryl,PRO_ACRYL,,Pale Yellow,PALE YELLOW,#E3D28C,227,210,140,"227,210,140",Acrylic/Metallic comparison color,Active/Unknown,GW_registry_v6_colorfilled(1).xlsx; 883483738-7-in-1-comparison-tool-stahly-V15.pdf,"Approx Hex/RGB copied from GW registry using nearest GW swatch from Stahly 7-in-1 comparison PDF; not canonical Pro Acryl manufacturer color. GW match: Dorn Yellow (Layer), PDF p.4, confidence: Low/manual audit.",#E3D28C,Dorn Yellow,Layer,GW_LAYER_DORN_YELLOW,#E3D28C,"227,210,140",4,1320.7,Low/manual audit,GW_LAYER_DORN_YELLOW,Dorn Yellow,Layer,Layer,#E3D28C,"227,210,140",0,High,Computed nearest Games Workshop swatch by Euclidean RGB distance from registry R/G/B values.
PA_PRO_ACRYL_BRIGHT_PALE_YELLOW,Monument Hobbies,Pro Acryl,Pro Acryl,PRO_ACRYL,,Bright Pale Yellow,BRIGHT PALE YELLOW,#FCB825,252,184,37,"252,184,37",Acrylic/Metallic comparison color,Active/Unknown,GW_registry_v6_colorfilled(1).xlsx; 883483738-7-in-1-comparison-tool-stahly-V15.pdf,"Approx Hex/RGB copied from GW registry using nearest GW swatch from Stahly 7-in-1 comparison PDF; not canonical Pro Acryl manufacturer color. GW match: Averland Sunset (Base), PDF p.4, confidence: Low/manual audit.",#FCB825,Averland Sunset,Base,GW_BASE_AVERLAND_SUNSET,#FCB825,"252,184,37",4,1879,Low/manual audit,GW_BASE_AVERLAND_SUNSET,Averland Sunset,Base,Base,#FDB825,"253,184,37",1,High,Computed nearest Games Workshop swatch by Euclidean RGB distance from registry R/G/B values.
PA_PRO_ACRYL_GOLDEN_YELLOW,Monument Hobbies,Pro Acryl,Pro Acryl,PRO_ACRYL,,Golden Yellow,GOLDEN YELLOW,#FFF200,255,242,0,"255,242,0",Acrylic/Metallic comparison color,Active/Unknown,GW_registry_v6_colorfilled(1).xlsx; 883483738-7-in-1-comparison-tool-stahly-V15.pdf,"Approx Hex/RGB copied from GW registry using nearest GW swatch from Stahly 7-in-1 comparison PDF; not canonical Pro Acryl manufacturer color. GW match: Flash Gitz Yellow (Layer), PDF p.4, confidence: High.",#FFF200,Flash Gitz Yellow,Layer,GW_LAYER_FLASH_GITZ_YELLOW,#FFF200,"255,242,0",4,330.5,High,GW_LAYER_FLASH_GITZ_YELLOW,Flash Gitz Yellow,Layer,Layer,#FFF200,"255,242,0",0,High,Computed nearest Games Workshop swatch by Euclidean RGB distance from registry R/G/B values.
PA_PRO_ACRYL_WARM_YELLOW,Monument Hobbies,Pro Acryl,Pro Acryl,PRO_ACRYL,,Warm Yellow,WARM YELLOW,#FCB825,252,184,37,"252,184,37",Acrylic/Metallic comparison color,Active/Unknown,GW_registry_v6_colorfilled(1).xlsx; 883483738-7-in-1-comparison-tool-stahly-V15.pdf,"Approx Hex/RGB copied from GW registry using nearest GW swatch from Stahly 7-in-1 comparison PDF; not canonical Pro Acryl manufacturer color. GW match: Averland Sunset (Base), PDF p.4, confidence: Low/manual audit.",#FCB825,Averland Sunset,Base,GW_BASE_AVERLAND_SUNSET,#FCB825,"252,184,37",4,1022.5,Low/manual audit,GW_BASE_AVERLAND_SUNSET,Averland Sunset,Base,Base,#FDB825,"253,184,37",1,High,Computed nearest Games Workshop swatch by Euclidean RGB distance from registry R/G/B values.
PA_PRO_ACRYL_BURNT_RED,Monument Hobbies,Pro Acryl,Pro Acryl,PRO_ACRYL,,Burnt Red,BURNT RED,#C21920,194,25,32,"194,25,32",Acrylic/Metallic comparison color,Active/Unknown,GW_registry_v6_colorfilled(1).xlsx; 883483738-7-in-1-comparison-tool-stahly-V15.pdf,"Approx Hex/RGB copied from GW registry using nearest GW swatch from Stahly 7-in-1 comparison PDF; not canonical Pro Acryl manufacturer color. GW match: Evil Sunz Scarlet (Layer), PDF p.6, confidence: Low/manual audit.",#C21920,Evil Sunz Scarlet,Layer,GW_LAYER_EVIL_SUNZ_SCARLET,#C21920,"194,25,32",6,1021.6,Low/manual audit,GW_LAYER_EVIL_SUNZ_SCARLET,Evil Sunz Scarlet,Layer,Layer,#C2191F,"194,25,31",1,High,Computed nearest Games Workshop swatch by Euclidean RGB distance from registry R/G/B values.
PA_PRO_ACRYL_DARK_CRIMSON,Monument Hobbies,Pro Acryl,Pro Acryl,PRO_ACRYL,,Dark Crimson,DARK CRIMSON,#6A0002,106,0,2,"106,0,2",Acrylic/Metallic comparison color,Active/Unknown,GW_registry_v6_colorfilled(1).xlsx; 883483738-7-in-1-comparison-tool-stahly-V15.pdf,"Approx Hex/RGB copied from GW registry using nearest GW swatch from Stahly 7-in-1 comparison PDF; not canonical Pro Acryl manufacturer color. GW match: Khorne Red (Base), PDF p.6, confidence: Medium.",#6A0002,Khorne Red,Base,GW_BASE_KHORNE_RED,#6A0002,"106,0,2",6,518.6,Medium,GW_BASE_KHORNE_RED,Khorne Red,Base,Base,#6A0001,"106,0,1",1,High,Computed nearest Games Workshop swatch by Euclidean RGB distance from registry R/G/B values.
PA_PRO_ACRYL_BOLD_PYRROLE_RED,Monument Hobbies,Pro Acryl,Pro Acryl,PRO_ACRYL,,Bold Pyrrole Red,BOLD PYRROLE RED,#C21920,194,25,32,"194,25,32",Acrylic/Metallic comparison color,Active/Unknown,GW_registry_v6_colorfilled(1).xlsx; 883483738-7-in-1-comparison-tool-stahly-V15.pdf,"Approx Hex/RGB copied from GW registry using nearest GW swatch from Stahly 7-in-1 comparison PDF; not canonical Pro Acryl manufacturer color. GW match: Evil Sunz Scarlet (Layer), PDF p.6, confidence: Low/manual audit.",#C21920,Evil Sunz Scarlet,Layer,GW_LAYER_EVIL_SUNZ_SCARLET,#C21920,"194,25,32",6,774.5,Low/manual audit,GW_LAYER_EVIL_SUNZ_SCARLET,Evil Sunz Scarlet,Layer,Layer,#C2191F,"194,25,31",1,High,Computed nearest Games Workshop swatch by Euclidean RGB distance from registry R/G/B values.
PA_PRO_ACRYL_BURGUNDY,Monument Hobbies,Pro Acryl,Pro Acryl,PRO_ACRYL,,Burgundy,BURGUNDY,#8C0A0C,140,10,12,"140,10,12",Acrylic/Metallic comparison color,Active/Unknown,GW_registry_v6_colorfilled(1).xlsx; 883483738-7-in-1-comparison-tool-stahly-V15.pdf,"Approx Hex/RGB copied from GW registry using nearest GW swatch from Stahly 7-in-1 comparison PDF; not canonical Pro Acryl manufacturer color. GW match: Wazdakka Red (Layer), PDF p.7, confidence: Medium.",#8C0A0C,Wazdakka Red,Layer,GW_LAYER_WAZDAKKA_RED,#8C0A0C,"140,10,12",7,530.9,Medium,GW_LAYER_WAZDAKKA_RED,Wazdakka Red,Layer,Layer,#8C0A0C,"140,10,12",0,High,Computed nearest Games Workshop swatch by Euclidean RGB distance from registry R/G/B values.
PA_PRO_ACRYL_DARK_BURGUNDY,Monument Hobbies,Pro Acryl,Pro Acryl,PRO_ACRYL,,Dark Burgundy,DARK BURGUNDY,#7C1645,124,22,69,"124,22,69",Acrylic/Metallic comparison color,Active/Unknown,GW_registry_v6_colorfilled(1).xlsx; 883483738-7-in-1-comparison-tool-stahly-V15.pdf,"Approx Hex/RGB copied from GW registry using nearest GW swatch from Stahly 7-in-1 comparison PDF; not canonical Pro Acryl manufacturer color. GW match: Screamer Pink (Base), PDF p.7, confidence: Medium.",#7C1645,Screamer Pink,Base,GW_BASE_SCREAMER_PINK,#7C1645,"124,22,69",7,515.6,Medium,GW_BASE_SCREAMER_PINK,Screamer Pink,Base,Base,#7C1645,"124,22,69",0,High,Computed nearest Games Workshop swatch by Euclidean RGB distance from registry R/G/B values.
PA_PRO_ACRYL_DARK_MAGENTA,Monument Hobbies,Pro Acryl,Pro Acryl,PRO_ACRYL,,Dark Magenta,DARK MAGENTA,#7C1645,124,22,69,"124,22,69",Acrylic/Metallic comparison color,Active/Unknown,GW_registry_v6_colorfilled(1).xlsx; 883483738-7-in-1-comparison-tool-stahly-V15.pdf,"Approx Hex/RGB copied from GW registry using nearest GW swatch from Stahly 7-in-1 comparison PDF; not canonical Pro Acryl manufacturer color. GW match: Screamer Pink (Base), PDF p.8, confidence: High.",#7C1645,Screamer Pink,Base,GW_BASE_SCREAMER_PINK,#7C1645,"124,22,69",8,334.5,High,GW_BASE_SCREAMER_PINK,Screamer Pink,Base,Base,#7C1645,"124,22,69",0,High,Computed nearest Games Workshop swatch by Euclidean RGB distance from registry R/G/B values.
PA_PRO_ACRYL_PINK,Monument Hobbies,Pro Acryl,Pro Acryl,PRO_ACRYL,,Pink,PINK,#B94278,185,66,120,"185,66,120",Acrylic/Metallic comparison color,Active/Unknown,GW_registry_v6_colorfilled(1).xlsx; 883483738-7-in-1-comparison-tool-stahly-V15.pdf,"Approx Hex/RGB copied from GW registry using nearest GW swatch from Stahly 7-in-1 comparison PDF; not canonical Pro Acryl manufacturer color. GW match: Emperor‘s Children (Layer), PDF p.8, confidence: High.",#B94278,Emperor‘s Children,Layer,GW_LAYER_EMPEROR_S_CHILDREN,#B94278,"185,66,120",8,381.1,High,GW_LAYER_EMPEROR_S_CHILDREN,Emperor's Children,Layer,Layer,#B94278,"185,66,120",0,High,Computed nearest Games Workshop swatch by Euclidean RGB distance from registry R/G/B values.
PA_PRO_ACRYL_MAGENTA,Monument Hobbies,Pro Acryl,Pro Acryl,PRO_ACRYL,,Magenta,MAGENTA,#B94278,185,66,120,"185,66,120",Acrylic/Metallic comparison color,Active/Unknown,GW_registry_v6_colorfilled(1).xlsx; 883483738-7-in-1-comparison-tool-stahly-V15.pdf,"Approx Hex/RGB copied from GW registry using nearest GW swatch from Stahly 7-in-1 comparison PDF; not canonical Pro Acryl manufacturer color. GW match: Emperor‘s Children (Layer), PDF p.8, confidence: Medium.",#B94278,Emperor‘s Children,Layer,GW_LAYER_EMPEROR_S_CHILDREN,#B94278,"185,66,120",8,652.3,Medium,GW_LAYER_EMPEROR_S_CHILDREN,Emperor's Children,Layer,Layer,#B94278,"185,66,120",0,High,Computed nearest Games Workshop swatch by Euclidean RGB distance from registry R/G/B values.
PA_PRO_ACRYL_DARK_PLUM,Monument Hobbies,Pro Acryl,Pro Acryl,PRO_ACRYL,,Dark Plum,DARK PLUM,#6A0002,106,0,2,"106,0,2",Acrylic/Metallic comparison color,Active/Unknown,GW_registry_v6_colorfilled(1).xlsx; 883483738-7-in-1-comparison-tool-stahly-V15.pdf,"Approx Hex/RGB copied from GW registry using nearest GW swatch from Stahly 7-in-1 comparison PDF; not canonical Pro Acryl manufacturer color. GW match: Khorne Red (Base), PDF p.7, confidence: Low/manual audit.",#6A0002,Khorne Red,Base,GW_BASE_KHORNE_RED,#6A0002,"106,0,2",7,1244.5,Low/manual audit,GW_BASE_KHORNE_RED,Khorne Red,Base,Base,#6A0001,"106,0,1",1,High,Computed nearest Games Workshop swatch by Euclidean RGB distance from registry R/G/B values.
PA_PRO_ACRYL_PALE_PINK,Monument Hobbies,Pro Acryl,Pro Acryl,PRO_ACRYL,,Pale Pink,PALE PINK,#B94278,185,66,120,"185,66,120",Acrylic/Metallic comparison color,Active/Unknown,GW_registry_v6_colorfilled(1).xlsx; 883483738-7-in-1-comparison-tool-stahly-V15.pdf,"Approx Hex/RGB copied from GW registry using nearest GW swatch from Stahly 7-in-1 comparison PDF; not canonical Pro Acryl manufacturer color. GW match: Emperor‘s Children (Layer), PDF p.8, confidence: Medium.",#B94278,Emperor‘s Children,Layer,GW_LAYER_EMPEROR_S_CHILDREN,#B94278,"185,66,120",8,509.3,Medium,GW_LAYER_EMPEROR_S_CHILDREN,Emperor's Children,Layer,Layer,#B94278,"185,66,120",0,High,Computed nearest Games Workshop swatch by Euclidean RGB distance from registry R/G/B values.
PA_PRO_ACRYL_PLUM,Monument Hobbies,Pro Acryl,Pro Acryl,PRO_ACRYL,,Plum,PLUM,#F4AFCC,244,175,204,"244,175,204",Acrylic/Metallic comparison color,Active/Unknown,GW_registry_v6_colorfilled(1).xlsx; 883483738-7-in-1-comparison-tool-stahly-V15.pdf,"Approx Hex/RGB copied from GW registry using nearest GW swatch from Stahly 7-in-1 comparison PDF; not canonical Pro Acryl manufacturer color. GW match: Fulgrim Pink (Layer), PDF p.8, confidence: Low/manual audit.",#F4AFCC,Fulgrim Pink,Layer,GW_LAYER_FULGRIM_PINK,#F4AFCC,"244,175,204",8,771.8,Low/manual audit,GW_LAYER_FULGRIM_PINK,Fulgrim Pink,Layer,Layer,#F4AFCC,"244,175,204",0,High,Computed nearest Games Workshop swatch by Euclidean RGB distance from registry R/G/B values.
PA_PRO_ACRYL_PURPLE,Monument Hobbies,Pro Acryl,Pro Acryl,PRO_ACRYL,,Purple,PURPLE,#F4AFCC,244,175,204,"244,175,204",Acrylic/Metallic comparison color,Active/Unknown,GW_registry_v6_colorfilled(1).xlsx; 883483738-7-in-1-comparison-tool-stahly-V15.pdf,"Approx Hex/RGB copied from GW registry using nearest GW swatch from Stahly 7-in-1 comparison PDF; not canonical Pro Acryl manufacturer color. GW match: Fulgrim Pink (Layer), PDF p.8, confidence: Low/manual audit.",#F4AFCC,Fulgrim Pink,Layer,GW_LAYER_FULGRIM_PINK,#F4AFCC,"244,175,204",8,1067.8,Low/manual audit,GW_LAYER_FULGRIM_PINK,Fulgrim Pink,Layer,Layer,#F4AFCC,"244,175,204",0,High,Computed nearest Games Workshop swatch by Euclidean RGB distance from registry R/G/B values.
PA_PRO_ACRYL_DARK_HOT_PINK,Monument Hobbies,Pro Acryl,Pro Acryl,PRO_ACRYL,,Dark Hot Pink,DARK HOT PINK,#7C1645,124,22,69,"124,22,69",Acrylic/Metallic comparison color,Active/Unknown,GW_registry_v6_colorfilled(1).xlsx; 883483738-7-in-1-comparison-tool-stahly-V15.pdf,"Approx Hex/RGB copied from GW registry using nearest GW swatch from Stahly 7-in-1 comparison PDF; not canonical Pro Acryl manufacturer color. GW match: Screamer Pink (Base), PDF p.8, confidence: Low/manual audit.",#7C1645,Screamer Pink,Base,GW_BASE_SCREAMER_PINK,#7C1645,"124,22,69",8,1064.5,Low/manual audit,GW_BASE_SCREAMER_PINK,Screamer Pink,Base,Base,#7C1645,"124,22,69",0,High,Computed nearest Games Workshop swatch by Euclidean RGB distance from registry R/G/B values.
PA_PRO_ACRYL_ROYAL_PURPLE,Monument Hobbies,Pro Acryl,Pro Acryl,PRO_ACRYL,,Royal Purple,ROYAL PURPLE,#471F5E,71,31,94,"71,31,94",Acrylic/Metallic comparison color,Active/Unknown,GW_registry_v6_colorfilled(1).xlsx; 883483738-7-in-1-comparison-tool-stahly-V15.pdf,"Approx Hex/RGB copied from GW registry using nearest GW swatch from Stahly 7-in-1 comparison PDF; not canonical Pro Acryl manufacturer color. GW match: Xereus Purple (Layer), PDF p.9, confidence: High.",#471F5E,Xereus Purple,Layer,GW_LAYER_XEREUS_PURPLE,#471F5E,"71,31,94",9,330.5,High,GW_LAYER_XEREUS_PURPLE,Xereus Purple,Layer,Layer,#471F5F,"71,31,95",1,High,Computed nearest Games Workshop swatch by Euclidean RGB distance from registry R/G/B values.
PA_PRO_ACRYL_DARK_PURPLE,Monument Hobbies,Pro Acryl,Pro Acryl,PRO_ACRYL,,Dark Purple,DARK PURPLE,#8E8C97,142,140,151,"142,140,151",Acrylic/Metallic comparison color,Active/Unknown,GW_registry_v6_colorfilled(1).xlsx; 883483738-7-in-1-comparison-tool-stahly-V15.pdf,"Approx Hex/RGB copied from GW registry using nearest GW swatch from Stahly 7-in-1 comparison PDF; not canonical Pro Acryl manufacturer color. GW match: Slaanesh Grey (Layer), PDF p.9, confidence: Medium.",#8E8C97,Slaanesh Grey,Layer,GW_LAYER_SLAANESH_GREY,#8E8C97,"142,140,151",9,506.2,Medium,GW_LAYER_ALAITOC_BLUE,Alaitoc Blue,Layer,Layer,#8E8C97,"142,140,151",0,High,Computed nearest Games Workshop swatch by Euclidean RGB distance from registry R/G/B values.
PA_PRO_ACRYL_FADED_PLUM,Monument Hobbies,Pro Acryl,Pro Acryl,PRO_ACRYL,,Faded Plum,FADED PLUM,#B59ECC,181,158,204,"181,158,204",Acrylic/Metallic comparison color,Active/Unknown,GW_registry_v6_colorfilled(1).xlsx; 883483738-7-in-1-comparison-tool-stahly-V15.pdf,"Approx Hex/RGB copied from GW registry using nearest GW swatch from Stahly 7-in-1 comparison PDF; not canonical Pro Acryl manufacturer color. GW match: Dechala Lilac (Layer), PDF p.9, confidence: Low/manual audit.",#B59ECC,Dechala Lilac,Layer,GW_LAYER_DECHALA_LILAC,#B59ECC,"181,158,204",9,865.4,Low/manual audit,GW_LAYER_DECHALA_LILAC,Dechala Lilac,Layer,Layer,#B59ECC,"181,158,204",0,High,Computed nearest Games Workshop swatch by Euclidean RGB distance from registry R/G/B values.
PA_PRO_ACRYL_FADED_ULTRAMARINE,Monument Hobbies,Pro Acryl,Pro Acryl,PRO_ACRYL,,Faded Ultramarine,FADED ULTRAMARINE,#4273B8,66,115,184,"66,115,184",Acrylic/Metallic comparison color,Active/Unknown,GW_registry_v6_colorfilled(1).xlsx; 883483738-7-in-1-comparison-tool-stahly-V15.pdf,"Approx Hex/RGB copied from GW registry using nearest GW swatch from Stahly 7-in-1 comparison PDF; not canonical Pro Acryl manufacturer color. GW match: Calgar Blue (Layer), PDF p.10, confidence: Medium.",#4273B8,Calgar Blue,Layer,GW_LAYER_CALGAR_BLUE,#4273B8,"66,115,184",10,652.3,Medium,GW_LAYER_CALGAR_BLUE,Calgar Blue,Layer,Layer,#4272B8,"66,114,184",1,High,Computed nearest Games Workshop swatch by Euclidean RGB distance from registry R/G/B values.
PA_PRO_ACRYL_GREY_BLUE,Monument Hobbies,Pro Acryl,Pro Acryl,PRO_ACRYL,,Grey Blue,GREY BLUE,#709CB7,112,156,183,"112,156,183",Acrylic/Metallic comparison color,Active/Unknown,GW_registry_v6_colorfilled(1).xlsx; 883483738-7-in-1-comparison-tool-stahly-V15.pdf,"Approx Hex/RGB copied from GW registry using nearest GW swatch from Stahly 7-in-1 comparison PDF; not canonical Pro Acryl manufacturer color. GW match: Fenrisian Grey (Layer), PDF p.26, confidence: High.",#709CB7,Fenrisian Grey,Layer,GW_LAYER_FENRISIAN_GREY,#709CB7,"112,156,183",26,326.6,High,GW_LAYER_FENRISIAN_GREY,Fenrisian Grey,Layer,Layer,#719BB7,"113,155,183",1.41,High,Computed nearest Games Workshop swatch by Euclidean RGB distance from registry R/G/B values.
PA_PRO_ACRYL_ULTRAMARINE,Monument Hobbies,Pro Acryl,Pro Acryl,PRO_ACRYL,,Ultramarine,ULTRAMARINE,#295788,41,87,136,"41,87,136",Acrylic/Metallic comparison color,Active/Unknown,GW_registry_v6_colorfilled(1).xlsx; 883483738-7-in-1-comparison-tool-stahly-V15.pdf,"Approx Hex/RGB copied from GW registry using nearest GW swatch from Stahly 7-in-1 comparison PDF; not canonical Pro Acryl manufacturer color. GW match: Alaitoc Blue (Layer), PDF p.11, confidence: Medium.",#295788,Alaitoc Blue,Layer,GW_LAYER_ALAITOC_BLUE,#295788,"41,87,136",11,518.6,Medium,GW_TECHNICAL_SOULSTONE_BLUE,Soulstone Blue,Technical,Technical,#294C86,"41,76,134",11.18,High,Computed nearest Games Workshop swatch by Euclidean RGB distance from registry R/G/B values.
PA_PRO_ACRYL_DARK_BLUE,Monument Hobbies,Pro Acryl,Pro Acryl,PRO_ACRYL,,Dark Blue,DARK BLUE,#002051,0,32,81,"0,32,81",Acrylic/Metallic comparison color,Active/Unknown,GW_registry_v6_colorfilled(1).xlsx; 883483738-7-in-1-comparison-tool-stahly-V15.pdf,"Approx Hex/RGB copied from GW registry using nearest GW swatch from Stahly 7-in-1 comparison PDF; not canonical Pro Acryl manufacturer color. GW match: Kantor Blue (Base), PDF p.10, confidence: High.",#002051,Kantor Blue,Base,GW_BASE_KANTOR_BLUE,#002051,"0,32,81",10,330,High,GW_BASE_KANTOR_BLUE,Kantor Blue,Base,Base,#002151,"0,33,81",1,High,Computed nearest Games Workshop swatch by Euclidean RGB distance from registry R/G/B values.
PA_PRO_ACRYL_PAYNE_S_GREY,Monument Hobbies,Pro Acryl,Pro Acryl,PRO_ACRYL,,Payne’s Grey,PAYNE’S GREY,#002051,0,32,81,"0,32,81",Acrylic/Metallic comparison color,Active/Unknown,GW_registry_v6_colorfilled(1).xlsx; 883483738-7-in-1-comparison-tool-stahly-V15.pdf,"Approx Hex/RGB copied from GW registry using nearest GW swatch from Stahly 7-in-1 comparison PDF; not canonical Pro Acryl manufacturer color. GW match: Kantor Blue (Base), PDF p.10, confidence: High.",#002051,Kantor Blue,Base,GW_BASE_KANTOR_BLUE,#002051,"0,32,81",10,330,High,GW_BASE_KANTOR_BLUE,Kantor Blue,Base,Base,#002151,"0,33,81",1,High,Computed nearest Games Workshop swatch by Euclidean RGB distance from registry R/G/B values.
PA_PRO_ACRYL_BLUE,Monument Hobbies,Pro Acryl,Pro Acryl,PRO_ACRYL,,Blue,BLUE,#396F9E,57,111,158,"57,111,158",Acrylic/Metallic comparison color,Active/Unknown,GW_registry_v6_colorfilled(1).xlsx; 883483738-7-in-1-comparison-tool-stahly-V15.pdf,"Approx Hex/RGB copied from GW registry using nearest GW swatch from Stahly 7-in-1 comparison PDF; not canonical Pro Acryl manufacturer color. GW match: Caledor Sky (Base), PDF p.11, confidence: Medium.",#396F9E,Caledor Sky,Base,GW_BASE_CALEDOR_SKY,#396F9E,"57,111,158",11,660,Medium,GW_BASE_CALEDOR_SKY,Caledor Sky,Base,Base,#396E9E,"57,110,158",1,High,Computed nearest Games Workshop swatch by Euclidean RGB distance from registry R/G/B values.
PA_PRO_ACRYL_SKY_BLUE,Monument Hobbies,Pro Acryl,Pro Acryl,PRO_ACRYL,,Sky Blue,SKY BLUE,#396F9E,57,111,158,"57,111,158",Acrylic/Metallic comparison color,Active/Unknown,GW_registry_v6_colorfilled(1).xlsx; 883483738-7-in-1-comparison-tool-stahly-V15.pdf,"Approx Hex/RGB copied from GW registry using nearest GW swatch from Stahly 7-in-1 comparison PDF; not canonical Pro Acryl manufacturer color. GW match: Caledor Sky (Base), PDF p.11, confidence: Low/manual audit.",#396F9E,Caledor Sky,Base,GW_BASE_CALEDOR_SKY,#396F9E,"57,111,158",11,771.7,Low/manual audit,GW_BASE_CALEDOR_SKY,Caledor Sky,Base,Base,#396E9E,"57,110,158",1,High,Computed nearest Games Workshop swatch by Euclidean RGB distance from registry R/G/B values.
PA_PRO_ACRYL_WHITE_BLUE,Monument Hobbies,Pro Acryl,Pro Acryl,PRO_ACRYL,,White Blue,WHITE BLUE,#00A5B9,0,165,185,"0,165,185",Acrylic/Metallic comparison color,Active/Unknown,GW_registry_v6_colorfilled(1).xlsx; 883483738-7-in-1-comparison-tool-stahly-V15.pdf,"Approx Hex/RGB copied from GW registry using nearest GW swatch from Stahly 7-in-1 comparison PDF; not canonical Pro Acryl manufacturer color. GW match: Ahriman Blue (Layer), PDF p.12, confidence: Low/manual audit.",#00A5B9,Ahriman Blue,Layer,GW_LAYER_AHRIMAN_BLUE,#00A5B9,"0,165,185",12,771.7,Low/manual audit,GW_LAYER_AHRIMAN_BLUE,Ahriman Blue,Layer,Layer,#00A5B9,"0,165,185",0,High,Computed nearest Games Workshop swatch by Euclidean RGB distance from registry R/G/B values.
PA_PRO_ACRYL_BLUE_BLACK,Monument Hobbies,Pro Acryl,Pro Acryl,PRO_ACRYL,,Blue Black,BLUE BLACK,#33A2CF,51,162,207,"51,162,207",Acrylic/Metallic comparison color,Active/Unknown,GW_registry_v6_colorfilled(1).xlsx; 883483738-7-in-1-comparison-tool-stahly-V15.pdf,"Approx Hex/RGB copied from GW registry using nearest GW swatch from Stahly 7-in-1 comparison PDF; not canonical Pro Acryl manufacturer color. GW match: Lothern Blue (Layer), PDF p.12, confidence: Medium.",#33A2CF,Lothern Blue,Layer,GW_LAYER_LOTHERN_BLUE,#33A2CF,"51,162,207",12,517,Medium,GW_LAYER_LOTHERN_BLUE,Lothern Blue,Layer,Layer,#34A2CF,"52,162,207",1,High,Computed nearest Games Workshop swatch by Euclidean RGB distance from registry R/G/B values.
PA_PRO_ACRYL_DARK_GREY_BLUE,Monument Hobbies,Pro Acryl,Pro Acryl,PRO_ACRYL,,Dark Grey Blue,DARK GREY BLUE,#33A2CF,51,162,207,"51,162,207",Acrylic/Metallic comparison color,Active/Unknown,GW_registry_v6_colorfilled(1).xlsx; 883483738-7-in-1-comparison-tool-stahly-V15.pdf,"Approx Hex/RGB copied from GW registry using nearest GW swatch from Stahly 7-in-1 comparison PDF; not canonical Pro Acryl manufacturer color. GW match: Lothern Blue (Layer), PDF p.12, confidence: Low/manual audit.",#33A2CF,Lothern Blue,Layer,GW_LAYER_LOTHERN_BLUE,#33A2CF,"51,162,207",12,758.6,Low/manual audit,GW_LAYER_LOTHERN_BLUE,Lothern Blue,Layer,Layer,#34A2CF,"52,162,207",1,High,Computed nearest Games Workshop swatch by Euclidean RGB distance from registry R/G/B values.
PA_PRO_ACRYL_DARK_TURQUOISE,Monument Hobbies,Pro Acryl,Pro Acryl,PRO_ACRYL,,Dark Turquoise,DARK TURQUOISE,#18ABCC,24,171,204,"24,171,204",Acrylic/Metallic comparison color,Active/Unknown,GW_registry_v6_colorfilled(1).xlsx; 883483738-7-in-1-comparison-tool-stahly-V15.pdf,"Approx Hex/RGB copied from GW registry using nearest GW swatch from Stahly 7-in-1 comparison PDF; not canonical Pro Acryl manufacturer color. GW match: Thousand Sons Blue (Base), PDF p.12, confidence: High.",#18ABCC,Thousand Sons Blue,Base,GW_BASE_THOUSAND_SONS_BLUE,#18ABCC,"24,171,204",12,334,High,GW_BASE_THOUSAND_SONS_BLUE,Thousand Sons Blue,Base,Base,#18ABCC,"24,171,204",0,High,Computed nearest Games Workshop swatch by Euclidean RGB distance from registry R/G/B values.
PA_PRO_ACRYL_TURQUOISE,Monument Hobbies,Pro Acryl,Pro Acryl,PRO_ACRYL,,Turquoise,TURQUOISE,#329B8D,50,155,141,"50,155,141",Acrylic/Metallic comparison color,Active/Unknown,GW_registry_v6_colorfilled(1).xlsx; 883483738-7-in-1-comparison-tool-stahly-V15.pdf,"Approx Hex/RGB copied from GW registry using nearest GW swatch from Stahly 7-in-1 comparison PDF; not canonical Pro Acryl manufacturer color. GW match: Temple Guard Blue (Layer), PDF p.13, confidence: High.",#329B8D,Temple Guard Blue,Layer,GW_LAYER_TEMPLE_GUARD_BLUE,#329B8D,"50,155,141",13,334.5,High,GW_LAYER_TEMPLE_GUARD_BLUE,Temple Guard Blue,Layer,Layer,#339A8D,"51,154,141",1.41,High,Computed nearest Games Workshop swatch by Euclidean RGB distance from registry R/G/B values.
PA_PRO_ACRYL_DARK_SEA_BEN,Monument Hobbies,Pro Acryl,Pro Acryl,PRO_ACRYL,,Dark Sea Ben,DARK SEA BEN,#0C6A74,12,106,116,"12,106,116",Acrylic/Metallic comparison color,Active/Unknown,GW_registry_v6_colorfilled(1).xlsx; 883483738-7-in-1-comparison-tool-stahly-V15.pdf,"Approx Hex/RGB copied from GW registry using nearest GW swatch from Stahly 7-in-1 comparison PDF; not canonical Pro Acryl manufacturer color. GW match: Sotek Green (Layer), PDF p.13, confidence: Low/manual audit.",#0C6A74,Sotek Green,Layer,GW_LAYER_SOTEK_GREEN,#0C6A74,"12,106,116",13,863.9,Low/manual audit,GW_LAYER_SOTEK_GREEN,Sotek Green,Layer,Layer,#0B6974,"11,105,116",1.41,High,Computed nearest Games Workshop swatch by Euclidean RGB distance from registry R/G/B values.
PA_PRO_ACRYL_DARK_JADE,Monument Hobbies,Pro Acryl,Pro Acryl,PRO_ACRYL,,Dark Jade,DARK JADE,#0C6A74,12,106,116,"12,106,116",Acrylic/Metallic comparison color,Active/Unknown,GW_registry_v6_colorfilled(1).xlsx; 883483738-7-in-1-comparison-tool-stahly-V15.pdf,"Approx Hex/RGB copied from GW registry using nearest GW swatch from Stahly 7-in-1 comparison PDF; not canonical Pro Acryl manufacturer color. GW match: Sotek Green (Layer), PDF p.13, confidence: Low/manual audit.",#0C6A74,Sotek Green,Layer,GW_LAYER_SOTEK_GREEN,#0C6A74,"12,106,116",13,1037.1,Low/manual audit,GW_LAYER_SOTEK_GREEN,Sotek Green,Layer,Layer,#0B6974,"11,105,116",1.41,High,Computed nearest Games Workshop swatch by Euclidean RGB distance from registry R/G/B values.
PA_PRO_ACRYL_BRIGHT_PALE_GREEN,Monument Hobbies,Pro Acryl,Pro Acryl,PRO_ACRYL,,Bright Pale Green,BRIGHT PALE GREEN,#028D66,2,141,102,"2,141,102",Acrylic/Metallic comparison color,Active/Unknown,GW_registry_v6_colorfilled(1).xlsx; 883483738-7-in-1-comparison-tool-stahly-V15.pdf,"Approx Hex/RGB copied from GW registry using nearest GW swatch from Stahly 7-in-1 comparison PDF; not canonical Pro Acryl manufacturer color. GW match: Kabalite Green (Layer), PDF p.14, confidence: Medium.",#028D66,Kabalite Green,Layer,GW_LAYER_KABALITE_GREEN,#028D66,"2,141,102",14,518.5,Medium,GW_LAYER_KABALITE_GREEN,Kabalite Green,Layer,Layer,#038C67,"3,140,103",1.73,High,Computed nearest Games Workshop swatch by Euclidean RGB distance from registry R/G/B values.
PA_PRO_ACRYL_BRIGHT_JADE,Monument Hobbies,Pro Acryl,Pro Acryl,PRO_ACRYL,,Bright Jade,BRIGHT JADE,#028D66,2,141,102,"2,141,102",Acrylic/Metallic comparison color,Active/Unknown,GW_registry_v6_colorfilled(1).xlsx; 883483738-7-in-1-comparison-tool-stahly-V15.pdf,"Approx Hex/RGB copied from GW registry using nearest GW swatch from Stahly 7-in-1 comparison PDF; not canonical Pro Acryl manufacturer color. GW match: Kabalite Green (Layer), PDF p.14, confidence: Low/manual audit.",#028D66,Kabalite Green,Layer,GW_LAYER_KABALITE_GREEN,#028D66,"2,141,102",14,1020,Low/manual audit,GW_LAYER_KABALITE_GREEN,Kabalite Green,Layer,Layer,#038C67,"3,140,103",1.73,High,Computed nearest Games Workshop swatch by Euclidean RGB distance from registry R/G/B values.
PA_PRO_ACRYL_JADE,Monument Hobbies,Pro Acryl,Pro Acryl,PRO_ACRYL,,Jade,JADE,#00401E,0,64,30,"0,64,30",Acrylic/Metallic comparison color,Active/Unknown,GW_registry_v6_colorfilled(1).xlsx; 883483738-7-in-1-comparison-tool-stahly-V15.pdf,"Approx Hex/RGB copied from GW registry using nearest GW swatch from Stahly 7-in-1 comparison PDF; not canonical Pro Acryl manufacturer color. GW match: Caliban Green (Base), PDF p.14, confidence: Low/manual audit.",#00401E,Caliban Green,Base,GW_BASE_CALIBAN_GREEN,#00401E,"0,64,30",14,1245.6,Low/manual audit,GW_BASE_CALIBAN_GREEN,Caliban Green,Base,Base,#00401F,"0,64,31",1,High,Computed nearest Games Workshop swatch by Euclidean RGB distance from registry R/G/B values.
PA_PRO_ACRYL_DARK_EMERALD,Monument Hobbies,Pro Acryl,Pro Acryl,PRO_ACRYL,,Dark Emerald,DARK EMERALD,#00401E,0,64,30,"0,64,30",Acrylic/Metallic comparison color,Active/Unknown,GW_registry_v6_colorfilled(1).xlsx; 883483738-7-in-1-comparison-tool-stahly-V15.pdf,"Approx Hex/RGB copied from GW registry using nearest GW swatch from Stahly 7-in-1 comparison PDF; not canonical Pro Acryl manufacturer color. GW match: Caliban Green (Base), PDF p.14, confidence: Low/manual audit.",#00401E,Caliban Green,Base,GW_BASE_CALIBAN_GREEN,#00401E,"0,64,30",14,1245.6,Low/manual audit,GW_BASE_CALIBAN_GREEN,Caliban Green,Base,Base,#00401F,"0,64,31",1,High,Computed nearest Games Workshop swatch by Euclidean RGB distance from registry R/G/B values.
PA_PRO_ACRYL_GREEN_OXIDE,Monument Hobbies,Pro Acryl,Pro Acryl,PRO_ACRYL,,Green Oxide,GREEN OXIDE,#84C2A9,132,194,169,"132,194,169",Acrylic/Metallic comparison color,Active/Unknown,GW_registry_v6_colorfilled(1).xlsx; 883483738-7-in-1-comparison-tool-stahly-V15.pdf,"Approx Hex/RGB copied from GW registry using nearest GW swatch from Stahly 7-in-1 comparison PDF; not canonical Pro Acryl manufacturer color. GW match: Gauss Blaster Green (Layer), PDF p.14, confidence: Medium.",#84C2A9,Gauss Blaster Green,Layer,GW_LAYER_GAUSS_BLASTER_GREEN,#84C2A9,"132,194,169",14,530.9,Medium,GW_LAYER_GAUSS_BLASTER_GREEN,Gauss Blaster Green,Layer,Layer,#84C2A9,"132,194,169",0,High,Computed nearest Games Workshop swatch by Euclidean RGB distance from registry R/G/B values.
PA_PRO_ACRYL_GREEN,Monument Hobbies,Pro Acryl,Pro Acryl,PRO_ACRYL,,Green,GREEN,#00401E,0,64,30,"0,64,30",Acrylic/Metallic comparison color,Active/Unknown,GW_registry_v6_colorfilled(1).xlsx; 883483738-7-in-1-comparison-tool-stahly-V15.pdf,"Approx Hex/RGB copied from GW registry using nearest GW swatch from Stahly 7-in-1 comparison PDF; not canonical Pro Acryl manufacturer color. GW match: Caliban Green (Base), PDF p.15, confidence: Low/manual audit.",#00401E,Caliban Green,Base,GW_BASE_CALIBAN_GREEN,#00401E,"0,64,30",15,1068.1,Low/manual audit,GW_BASE_CALIBAN_GREEN,Caliban Green,Base,Base,#00401F,"0,64,31",1,High,Computed nearest Games Workshop swatch by Euclidean RGB distance from registry R/G/B values.
PA_PRO_ACRYL_BRIGHT_GREEN,Monument Hobbies,Pro Acryl,Pro Acryl,PRO_ACRYL,,Bright Green,BRIGHT GREEN,#52B246,82,178,70,"82,178,70",Acrylic/Metallic comparison color,Active/Unknown,GW_registry_v6_colorfilled(1).xlsx; 883483738-7-in-1-comparison-tool-stahly-V15.pdf,"Approx Hex/RGB copied from GW registry using nearest GW swatch from Stahly 7-in-1 comparison PDF; not canonical Pro Acryl manufacturer color. GW match: Moot Green (Layer), PDF p.15, confidence: Low/manual audit.",#52B246,Moot Green,Layer,GW_LAYER_MOOT_GREEN,#52B246,"82,178,70",15,1369.5,Low/manual audit,GW_LAYER_MOOT_GREEN,Moot Green,Layer,Layer,#52B244,"82,178,68",2,High,Computed nearest Games Workshop swatch by Euclidean RGB distance from registry R/G/B values.
PA_PRO_ACRYL_BLACK_GREEN,Monument Hobbies,Pro Acryl,Pro Acryl,PRO_ACRYL,,Black Green,BLACK GREEN,#00401E,0,64,30,"0,64,30",Acrylic/Metallic comparison color,Active/Unknown,GW_registry_v6_colorfilled(1).xlsx; 883483738-7-in-1-comparison-tool-stahly-V15.pdf,"Approx Hex/RGB copied from GW registry using nearest GW swatch from Stahly 7-in-1 comparison PDF; not canonical Pro Acryl manufacturer color. GW match: Caliban Green (Base), PDF p.15, confidence: Medium.",#00401E,Caliban Green,Base,GW_BASE_CALIBAN_GREEN,#00401E,"0,64,30",15,400.9,Medium,GW_BASE_CALIBAN_GREEN,Caliban Green,Base,Base,#00401F,"0,64,31",1,High,Computed nearest Games Workshop swatch by Euclidean RGB distance from registry R/G/B values.
PA_PRO_ACRYL_BRIGHT_YELLOW_GREEN,Monument Hobbies,Pro Acryl,Pro Acryl,PRO_ACRYL,,Bright Yellow Green,BRIGHT YELLOW GREEN,#00401E,0,64,30,"0,64,30",Acrylic/Metallic comparison color,Active/Unknown,GW_registry_v6_colorfilled(1).xlsx; 883483738-7-in-1-comparison-tool-stahly-V15.pdf,"Approx Hex/RGB copied from GW registry using nearest GW swatch from Stahly 7-in-1 comparison PDF; not canonical Pro Acryl manufacturer color. GW match: Caliban Green (Base), PDF p.15, confidence: High.",#00401E,Caliban Green,Base,GW_BASE_CALIBAN_GREEN,#00401E,"0,64,30",15,380.5,High,GW_BASE_CALIBAN_GREEN,Caliban Green,Base,Base,#00401F,"0,64,31",1,High,Computed nearest Games Workshop swatch by Euclidean RGB distance from registry R/G/B values.
PA_PRO_ACRYL_FADED_GREEN,Monument Hobbies,Pro Acryl,Pro Acryl,PRO_ACRYL,,Faded Green,FADED GREEN,#5F936F,95,147,111,"95,147,111",Acrylic/Metallic comparison color,Active/Unknown,GW_registry_v6_colorfilled(1).xlsx; 883483738-7-in-1-comparison-tool-stahly-V15.pdf,"Approx Hex/RGB copied from GW registry using nearest GW swatch from Stahly 7-in-1 comparison PDF; not canonical Pro Acryl manufacturer color. GW match: Skarsnik Green (Layer), PDF p.16, confidence: Medium.",#5F936F,Skarsnik Green,Layer,GW_LAYER_SKARSNIK_GREEN,#5F936F,"95,147,111",16,501.4,Medium,GW_LAYER_SKARSNIK_GREEN,Skarsnik Green,Layer,Layer,#5F9370,"95,147,112",1,High,Computed nearest Games Workshop swatch by Euclidean RGB distance from registry R/G/B values.
PA_PRO_ACRYL_YELLOW_GREEN,Monument Hobbies,Pro Acryl,Pro Acryl,PRO_ACRYL,,Yellow Green,YELLOW GREEN,#849B63,132,155,99,"132,155,99",Acrylic/Metallic comparison color,Active/Unknown,GW_registry_v6_colorfilled(1).xlsx; 883483738-7-in-1-comparison-tool-stahly-V15.pdf,"Approx Hex/RGB copied from GW registry using nearest GW swatch from Stahly 7-in-1 comparison PDF; not canonical Pro Acryl manufacturer color. GW match: Nurgling Green (Dry), PDF p.16, confidence: Medium.",#849B63,Nurgling Green,Dry,GW_DRY_NURGLING_GREEN,#849B63,"132,155,99",16,656.3,Medium,GW_LAYER_NURGLING_GREEN,Nurgling Green,Layer,Layer,#849B63,"132,155,99",0,High,Computed nearest Games Workshop swatch by Euclidean RGB distance from registry R/G/B values.
PA_PRO_ACRYL_CAMO_GREEN,Monument Hobbies,Pro Acryl,Pro Acryl,PRO_ACRYL,,Camo Green,CAMO GREEN,#51702D,81,112,45,"81,112,45",Acrylic/Metallic comparison color,Active/Unknown,GW_registry_v6_colorfilled(1).xlsx; 883483738-7-in-1-comparison-tool-stahly-V15.pdf,"Approx Hex/RGB copied from GW registry using nearest GW swatch from Stahly 7-in-1 comparison PDF; not canonical Pro Acryl manufacturer color. GW match: Loren Forest (Layer), PDF p.16, confidence: High.",#51702D,Loren Forest,Layer,GW_LAYER_LOREN_FOREST,#51702D,"81,112,45",16,330,High,GW_LAYER_LOREN_FOREST,Loren Forest,Layer,Layer,#50702D,"80,112,45",1,High,Computed nearest Games Workshop swatch by Euclidean RGB distance from registry R/G/B values.
PA_PRO_ACRYL_KHAKI,Monument Hobbies,Pro Acryl,Pro Acryl,PRO_ACRYL,,Khaki,KHAKI,#9EA94B,158,169,75,"158,169,75",Acrylic/Metallic comparison color,Active/Unknown,GW_registry_v6_colorfilled(1).xlsx; 883483738-7-in-1-comparison-tool-stahly-V15.pdf,"Approx Hex/RGB copied from GW registry using nearest GW swatch from Stahly 7-in-1 comparison PDF; not canonical Pro Acryl manufacturer color. GW match: Ogryn Camo (Layer), PDF p.17, confidence: Low/manual audit.",#9EA94B,Ogryn Camo,Layer,GW_LAYER_OGRYN_CAMO,#9EA94B,"158,169,75",17,1037.1,Low/manual audit,GW_LAYER_OGRYN_CAMO,Ogryn Camo,Layer,Layer,#9DA94B,"157,169,75",1,High,Computed nearest Games Workshop swatch by Euclidean RGB distance from registry R/G/B values.
PA_PRO_ACRYL_DARK_YELLOW_GREEN,Monument Hobbies,Pro Acryl,Pro Acryl,PRO_ACRYL,,Dark Yellow Green,DARK YELLOW GREEN,#758E3A,117,142,58,"117,142,58",Acrylic/Metallic comparison color,Active/Unknown,GW_registry_v6_colorfilled(1).xlsx; 883483738-7-in-1-comparison-tool-stahly-V15.pdf,"Approx Hex/RGB copied from GW registry using nearest GW swatch from Stahly 7-in-1 comparison PDF; not canonical Pro Acryl manufacturer color. GW match: Elysian Green (Layer), PDF p.17, confidence: High.",#758E3A,Elysian Green,Layer,GW_LAYER_ELYSIAN_GREEN,#758E3A,"117,142,58",17,334.5,High,GW_LAYER_ELYSIAN_GREEN,Elysian Green,Layer,Layer,#748F39,"116,143,57",1.73,High,Computed nearest Games Workshop swatch by Euclidean RGB distance from registry R/G/B values.
PA_PRO_ACRYL_DARK_CAMO_GREEN,Monument Hobbies,Pro Acryl,Pro Acryl,PRO_ACRYL,,Dark Camo Green,DARK CAMO GREEN,#9EA94B,158,169,75,"158,169,75",Acrylic/Metallic comparison color,Active/Unknown,GW_registry_v6_colorfilled(1).xlsx; 883483738-7-in-1-comparison-tool-stahly-V15.pdf,"Approx Hex/RGB copied from GW registry using nearest GW swatch from Stahly 7-in-1 comparison PDF; not canonical Pro Acryl manufacturer color. GW match: Ogryn Camo (Layer), PDF p.17, confidence: High.",#9EA94B,Ogryn Camo,Layer,GW_LAYER_OGRYN_CAMO,#9EA94B,"158,169,75",17,381.5,High,GW_LAYER_OGRYN_CAMO,Ogryn Camo,Layer,Layer,#9DA94B,"157,169,75",1,High,Computed nearest Games Workshop swatch by Euclidean RGB distance from registry R/G/B values.
PA_PRO_ACRYL_IVORY,Monument Hobbies,Pro Acryl,Pro Acryl,PRO_ACRYL,,Ivory,IVORY,#CDCEBE,205,206,190,"205,206,190",Acrylic/Metallic comparison color,Active/Unknown,GW_registry_v6_colorfilled(1).xlsx; 883483738-7-in-1-comparison-tool-stahly-V15.pdf,"Approx Hex/RGB copied from GW registry using nearest GW swatch from Stahly 7-in-1 comparison PDF; not canonical Pro Acryl manufacturer color. GW match: Pallid Wych Flesh (Layer), PDF p.18, confidence: High.",#CDCEBE,Pallid Wych Flesh,Layer,GW_LAYER_PALLID_WYCH_FLESH,#CDCEBE,"205,206,190",18,326.6,High,GW_LAYER_PALLID_WYCH_FLESH,Pallid Wych Flesh,Layer,Layer,#CDCEBE,"205,206,190",0,High,Computed nearest Games Workshop swatch by Euclidean RGB distance from registry R/G/B values.
PA_PRO_ACRYL_BRIGHT_IVORY,Monument Hobbies,Pro Acryl,Pro Acryl,PRO_ACRYL,,Bright Ivory,BRIGHT IVORY,#CDCEBE,205,206,190,"205,206,190",Acrylic/Metallic comparison color,Active/Unknown,GW_registry_v6_colorfilled(1).xlsx; 883483738-7-in-1-comparison-tool-stahly-V15.pdf,"Approx Hex/RGB copied from GW registry using nearest GW swatch from Stahly 7-in-1 comparison PDF; not canonical Pro Acryl manufacturer color. GW match: Pallid Wych Flesh (Layer), PDF p.18, confidence: Low/manual audit.",#CDCEBE,Pallid Wych Flesh,Layer,GW_LAYER_PALLID_WYCH_FLESH,#CDCEBE,"205,206,190",18,1354.9,Low/manual audit,GW_LAYER_PALLID_WYCH_FLESH,Pallid Wych Flesh,Layer,Layer,#CDCEBE,"205,206,190",0,High,Computed nearest Games Workshop swatch by Euclidean RGB distance from registry R/G/B values.
PA_PRO_ACRYL_HEAVY_WARM_WHITE_SATIN,Monument Hobbies,Pro Acryl,Pro Acryl,PRO_ACRYL,,Heavy Warm White (satin),HEAVY WARM WHITE (SATIN),#D4D3A3,212,211,163,"212,211,163",Acrylic/Metallic comparison color,Active/Unknown,GW_registry_v6_colorfilled(1).xlsx; 883483738-7-in-1-comparison-tool-stahly-V15.pdf,"Approx Hex/RGB copied from GW registry using nearest GW swatch from Stahly 7-in-1 comparison PDF; not canonical Pro Acryl manufacturer color. GW match: Screaming Skull (Layer), PDF p.18, confidence: Medium.",#D4D3A3,Screaming Skull,Layer,GW_LAYER_SCREAMING_SKULL,#D4D3A3,"212,211,163",18,400.5,Medium,GW_LAYER_SCREAMING_SKULL,Screaming Skull,Layer,Layer,#D2D4A2,"210,212,162",2.45,High,Computed nearest Games Workshop swatch by Euclidean RGB distance from registry R/G/B values.
PA_PRO_ACRYL_DARK_IVORY,Monument Hobbies,Pro Acryl,Pro Acryl,PRO_ACRYL,,Dark Ivory,DARK IVORY,#CDCEBE,205,206,190,"205,206,190",Acrylic/Metallic comparison color,Active/Unknown,GW_registry_v6_colorfilled(1).xlsx; 883483738-7-in-1-comparison-tool-stahly-V15.pdf,"Approx Hex/RGB copied from GW registry using nearest GW swatch from Stahly 7-in-1 comparison PDF; not canonical Pro Acryl manufacturer color. GW match: Pallid Wych Flesh (Layer), PDF p.18, confidence: Medium.",#CDCEBE,Pallid Wych Flesh,Layer,GW_LAYER_PALLID_WYCH_FLESH,#CDCEBE,"205,206,190",18,656.3,Medium,GW_LAYER_PALLID_WYCH_FLESH,Pallid Wych Flesh,Layer,Layer,#CDCEBE,"205,206,190",0,High,Computed nearest Games Workshop swatch by Euclidean RGB distance from registry R/G/B values.
PA_PRO_ACRYL_BONE_SATIN,Monument Hobbies,Pro Acryl,Pro Acryl,PRO_ACRYL,,Bone (satin),BONE (SATIN),#A29E92,162,158,146,"162,158,146",Acrylic/Metallic comparison color,Active/Unknown,GW_registry_v6_colorfilled(1).xlsx; 883483738-7-in-1-comparison-tool-stahly-V15.pdf,"Approx Hex/RGB copied from GW registry using nearest GW swatch from Stahly 7-in-1 comparison PDF; not canonical Pro Acryl manufacturer color. GW match: Rakarth Flesh (Base), PDF p.18, confidence: High.",#A29E92,Rakarth Flesh,Base,GW_BASE_RAKARTH_FLESH,#A29E92,"162,158,146",18,330,High,GW_BASE_RAKARTH_FLESH,Rakarth Flesh,Base,Base,#A29E91,"162,158,145",1,High,Computed nearest Games Workshop swatch by Euclidean RGB distance from registry R/G/B values.
PA_PRO_ACRYL_OLIVE_FLESH,Monument Hobbies,Pro Acryl,Pro Acryl,PRO_ACRYL,,Olive Flesh,OLIVE FLESH,#CBB48B,203,180,139,"203,180,139",Acrylic/Metallic comparison color,Active/Unknown,GW_registry_v6_colorfilled(1).xlsx; 883483738-7-in-1-comparison-tool-stahly-V15.pdf,"Approx Hex/RGB copied from GW registry using nearest GW swatch from Stahly 7-in-1 comparison PDF; not canonical Pro Acryl manufacturer color. GW match: Flayed One Flesh (Layer), PDF p.21, confidence: Medium.",#CBB48B,Flayed One Flesh,Layer,GW_LAYER_FLAYED_ONE_FLESH,#CBB48B,"203,180,139",21,664.3,Medium,GW_LAYER_LIBERATOR_GOLD,Liberator Gold,Layer,Layer,#D3B587,"211,181,135",9,High,Computed nearest Games Workshop swatch by Euclidean RGB distance from registry R/G/B values.
PA_PRO_ACRYL_BRIGHT_YELLOW_OCHRE,Monument Hobbies,Pro Acryl,Pro Acryl,PRO_ACRYL,,Bright Yellow Ochre,BRIGHT YELLOW OCHRE,#8B5910,139,89,16,"139,89,16",Acrylic/Metallic comparison color,Active/Unknown,GW_registry_v6_colorfilled(1).xlsx; 883483738-7-in-1-comparison-tool-stahly-V15.pdf,"Approx Hex/RGB copied from GW registry using nearest GW swatch from Stahly 7-in-1 comparison PDF; not canonical Pro Acryl manufacturer color. GW match: Balor Brown (Layer), PDF p.19, confidence: Low/manual audit.",#8B5910,Balor Brown,Layer,GW_LAYER_BALOR_BROWN,#8B5910,"139,89,16",19,765.8,Low/manual audit,GW_LAYER_BALOR_BROWN,Balor Brown,Layer,Layer,#8B5910,"139,89,16",0,High,Computed nearest Games Workshop swatch by Euclidean RGB distance from registry R/G/B values.
PA_PRO_ACRYL_YELLOW_OCHRE,Monument Hobbies,Pro Acryl,Pro Acryl,PRO_ACRYL,,Yellow Ochre,YELLOW OCHRE,#DCA026,220,160,38,"220,160,38",Acrylic/Metallic comparison color,Active/Unknown,GW_registry_v6_colorfilled(1).xlsx; 883483738-7-in-1-comparison-tool-stahly-V15.pdf,"Approx Hex/RGB copied from GW registry using nearest GW swatch from Stahly 7-in-1 comparison PDF; not canonical Pro Acryl manufacturer color. GW match: Zamesi Desert (Layer), PDF p.19, confidence: Low/manual audit.",#DCA026,Zamesi Desert,Layer,GW_LAYER_ZAMESI_DESERT,#DCA026,"220,160,38",19,883,Low/manual audit,GW_LAYER_ZAMESI_DESERT,Zamesi Desert,Layer,Layer,#DDA026,"221,160,38",1,High,Computed nearest Games Workshop swatch by Euclidean RGB distance from registry R/G/B values.
PA_PRO_ACRYL_DARK_GREEN_BROWN,Monument Hobbies,Pro Acryl,Pro Acryl,PRO_ACRYL,,Dark Green Brown,DARK GREEN BROWN,#72481E,114,72,30,"114,72,30",Acrylic/Metallic comparison color,Active/Unknown,GW_registry_v6_colorfilled(1).xlsx; 883483738-7-in-1-comparison-tool-stahly-V15.pdf,"Approx Hex/RGB copied from GW registry using nearest GW swatch from Stahly 7-in-1 comparison PDF; not canonical Pro Acryl manufacturer color. GW match: XV-88 (Base), PDF p.19, confidence: Low/manual audit.",#72481E,XV-88,Base,GW_BASE_XV_88,#72481E,"114,72,30",19,778.1,Low/manual audit,GW_BASE_XV_88,XV-88,Base,Base,#72491E,"114,73,30",1,High,Computed nearest Games Workshop swatch by Euclidean RGB distance from registry R/G/B values.
PA_PRO_ACRYL_DARK_GOLDEN_BROWN,Monument Hobbies,Pro Acryl,Pro Acryl,PRO_ACRYL,,Dark Golden Brown,DARK GOLDEN BROWN,#72481E,114,72,30,"114,72,30",Acrylic/Metallic comparison color,Active/Unknown,GW_registry_v6_colorfilled(1).xlsx; 883483738-7-in-1-comparison-tool-stahly-V15.pdf,"Approx Hex/RGB copied from GW registry using nearest GW swatch from Stahly 7-in-1 comparison PDF; not canonical Pro Acryl manufacturer color. GW match: XV-88 (Base), PDF p.19, confidence: Medium.",#72481E,XV-88,Base,GW_BASE_XV_88,#72481E,"114,72,30",19,530.5,Medium,GW_BASE_XV_88,XV-88,Base,Base,#72491E,"114,73,30",1,High,Computed nearest Games Workshop swatch by Euclidean RGB distance from registry R/G/B values.
PA_PRO_ACRYL_DRAB_BROWN,Monument Hobbies,Pro Acryl,Pro Acryl,PRO_ACRYL,,Drab Brown,DRAB BROWN,#72481E,114,72,30,"114,72,30",Acrylic/Metallic comparison color,Active/Unknown,GW_registry_v6_colorfilled(1).xlsx; 883483738-7-in-1-comparison-tool-stahly-V15.pdf,"Approx Hex/RGB copied from GW registry using nearest GW swatch from Stahly 7-in-1 comparison PDF; not canonical Pro Acryl manufacturer color. GW match: XV-88 (Base), PDF p.19, confidence: Low/manual audit.",#72481E,XV-88,Base,GW_BASE_XV_88,#72481E,"114,72,30",19,864.2,Low/manual audit,GW_BASE_XV_88,XV-88,Base,Base,#72491E,"114,73,30",1,High,Computed nearest Games Workshop swatch by Euclidean RGB distance from registry R/G/B values.
PA_PRO_ACRYL_CARAMEL_BROWN,Monument Hobbies,Pro Acryl,Pro Acryl,PRO_ACRYL,,Caramel Brown,CARAMEL BROWN,#72481E,114,72,30,"114,72,30",Acrylic/Metallic comparison color,Active/Unknown,GW_registry_v6_colorfilled(1).xlsx; 883483738-7-in-1-comparison-tool-stahly-V15.pdf,"Approx Hex/RGB copied from GW registry using nearest GW swatch from Stahly 7-in-1 comparison PDF; not canonical Pro Acryl manufacturer color. GW match: XV-88 (Base), PDF p.19, confidence: Medium.",#72481E,XV-88,Base,GW_BASE_XV_88,#72481E,"114,72,30",19,654.2,Medium,GW_BASE_XV_88,XV-88,Base,Base,#72491E,"114,73,30",1,High,Computed nearest Games Workshop swatch by Euclidean RGB distance from registry R/G/B values.
PA_PRO_ACRYL_RED_OXIDE,Monument Hobbies,Pro Acryl,Pro Acryl,PRO_ACRYL,,Red Oxide,RED OXIDE,#B36853,179,104,83,"179,104,83",Acrylic/Metallic comparison color,Active/Unknown,GW_registry_v6_colorfilled(1).xlsx; 883483738-7-in-1-comparison-tool-stahly-V15.pdf,"Approx Hex/RGB copied from GW registry using nearest GW swatch from Stahly 7-in-1 comparison PDF; not canonical Pro Acryl manufacturer color. GW match: Deathclaw Brown (Layer), PDF p.20, confidence: Medium.",#B36853,Deathclaw Brown,Layer,GW_LAYER_DEATHCLAW_BROWN,#B36853,"179,104,83",20,419,Medium,GW_LAYER_DEATHCLAW_BROWN,Deathclaw Brown,Layer,Layer,#B36853,"179,104,83",0,High,Computed nearest Games Workshop swatch by Euclidean RGB distance from registry R/G/B values.
PA_PRO_ACRYL_DARK_FLESH,Monument Hobbies,Pro Acryl,Pro Acryl,PRO_ACRYL,,Dark Flesh,DARK FLESH,#904A0F,144,74,15,"144,74,15",Acrylic/Metallic comparison color,Active/Unknown,GW_registry_v6_colorfilled(1).xlsx; 883483738-7-in-1-comparison-tool-stahly-V15.pdf,"Approx Hex/RGB copied from GW registry using nearest GW swatch from Stahly 7-in-1 comparison PDF; not canonical Pro Acryl manufacturer color. GW match: Skrag Brown (Layer), PDF p.20, confidence: Low/manual audit.",#904A0F,Skrag Brown,Layer,GW_LAYER_SKRAG_BROWN,#904A0F,"144,74,15",20,800,Low/manual audit,GW_LAYER_SKRAG_BROWN,Skrag Brown,Layer,Layer,#90490F,"144,73,15",1,High,Computed nearest Games Workshop swatch by Euclidean RGB distance from registry R/G/B values.
PA_PRO_ACRYL_MAHOGANY,Monument Hobbies,Pro Acryl,Pro Acryl,PRO_ACRYL,,Mahogany,MAHOGANY,#493335,73,51,53,"73,51,53",Acrylic/Metallic comparison color,Active/Unknown,GW_registry_v6_colorfilled(1).xlsx; 883483738-7-in-1-comparison-tool-stahly-V15.pdf,"Approx Hex/RGB copied from GW registry using nearest GW swatch from Stahly 7-in-1 comparison PDF; not canonical Pro Acryl manufacturer color. GW match: Rhinox Hide (Base), PDF p.20, confidence: Low/manual audit.",#493335,Rhinox Hide,Base,GW_BASE_RHINOX_HIDE,#493335,"73,51,53",20,769.2,Low/manual audit,GW_BASE_RHINOX_HIDE,Rhinox Hide,Base,Base,#493435,"73,52,53",1,High,Computed nearest Games Workshop swatch by Euclidean RGB distance from registry R/G/B values.
PA_PRO_ACRYL_BURNT_SIENNA,Monument Hobbies,Pro Acryl,Pro Acryl,PRO_ACRYL,,Burnt Sienna,BURNT SIENNA,#5D000A,93,0,10,"93,0,10",Acrylic/Metallic comparison color,Active/Unknown,GW_registry_v6_colorfilled(1).xlsx; 883483738-7-in-1-comparison-tool-stahly-V15.pdf,"Approx Hex/RGB copied from GW registry using nearest GW swatch from Stahly 7-in-1 comparison PDF; not canonical Pro Acryl manufacturer color. GW match: Doombull Brown (Layer), PDF p.20, confidence: Medium.",#5D000A,Doombull Brown,Layer,GW_LAYER_DOOMBULL_BROWN,#5D000A,"93,0,10",20,506.7,Medium,GW_BASE_CATACHAN_FLESH,Catachan Flesh,Base,Base,#5D0009,"93,0,9",1,High,Computed nearest Games Workshop swatch by Euclidean RGB distance from registry R/G/B values.
PA_PRO_ACRYL_GOLDEN_BROWN,Monument Hobbies,Pro Acryl,Pro Acryl,PRO_ACRYL,,Golden Brown,GOLDEN BROWN,#D7A767,215,167,103,"215,167,103",Acrylic/Metallic comparison color,Active/Unknown,GW_registry_v6_colorfilled(1).xlsx; 883483738-7-in-1-comparison-tool-stahly-V15.pdf,"Approx Hex/RGB copied from GW registry using nearest GW swatch from Stahly 7-in-1 comparison PDF; not canonical Pro Acryl manufacturer color. GW match: Ungor Flesh (Layer), PDF p.20, confidence: High.",#D7A767,Ungor Flesh,Layer,GW_LAYER_UNGOR_FLESH,#D7A767,"215,167,103",20,330,High,GW_LAYER_UNGOR_FLESH,Ungor Flesh,Layer,Layer,#D6A766,"214,167,102",1.41,High,Computed nearest Games Workshop swatch by Euclidean RGB distance from registry R/G/B values.
PA_PRO_ACRYL_WARM_FLESH,Monument Hobbies,Pro Acryl,Pro Acryl,PRO_ACRYL,,Warm Flesh,WARM FLESH,#CBB48B,203,180,139,"203,180,139",Acrylic/Metallic comparison color,Active/Unknown,GW_registry_v6_colorfilled(1).xlsx; 883483738-7-in-1-comparison-tool-stahly-V15.pdf,"Approx Hex/RGB copied from GW registry using nearest GW swatch from Stahly 7-in-1 comparison PDF; not canonical Pro Acryl manufacturer color. GW match: Flayed One Flesh (Layer), PDF p.21, confidence: Medium.",#CBB48B,Flayed One Flesh,Layer,GW_LAYER_FLAYED_ONE_FLESH,#CBB48B,"203,180,139",21,530.7,Medium,GW_LAYER_LIBERATOR_GOLD,Liberator Gold,Layer,Layer,#D3B587,"211,181,135",9,High,Computed nearest Games Workshop swatch by Euclidean RGB distance from registry R/G/B values.
PA_PRO_ACRYL_BEIGE_RED,Monument Hobbies,Pro Acryl,Pro Acryl,PRO_ACRYL,,Beige Red,BEIGE RED,#D7A767,215,167,103,"215,167,103",Acrylic/Metallic comparison color,Active/Unknown,GW_registry_v6_colorfilled(1).xlsx; 883483738-7-in-1-comparison-tool-stahly-V15.pdf,"Approx Hex/RGB copied from GW registry using nearest GW swatch from Stahly 7-in-1 comparison PDF; not canonical Pro Acryl manufacturer color. GW match: Ungor Flesh (Layer), PDF p.21, confidence: Low/manual audit.",#D7A767,Ungor Flesh,Layer,GW_LAYER_UNGOR_FLESH,#D7A767,"215,167,103",21,865.4,Low/manual audit,GW_LAYER_UNGOR_FLESH,Ungor Flesh,Layer,Layer,#D6A766,"214,167,102",1.41,High,Computed nearest Games Workshop swatch by Euclidean RGB distance from registry R/G/B values.
PA_PRO_ACRYL_DARK_WARM_FLESH,Monument Hobbies,Pro Acryl,Pro Acryl,PRO_ACRYL,,Dark Warm Flesh,DARK WARM FLESH,#AE6B4E,174,107,78,"174,107,78",Acrylic/Metallic comparison color,Active/Unknown,GW_registry_v6_colorfilled(1).xlsx; 883483738-7-in-1-comparison-tool-stahly-V15.pdf,"Approx Hex/RGB copied from GW registry using nearest GW swatch from Stahly 7-in-1 comparison PDF; not canonical Pro Acryl manufacturer color. GW match: Ratskin Flesh (Base), PDF p.21, confidence: Medium.",#AE6B4E,Ratskin Flesh,Base,GW_BASE_RATSKIN_FLESH,#AE6B4E,"174,107,78",21,419,Medium,GW_BASE_RATSKIN_FLESH,Ratskin Flesh,Base,Base,#AD6B4C,"173,107,76",2.24,High,Computed nearest Games Workshop swatch by Euclidean RGB distance from registry R/G/B values.
PA_PRO_ACRYL_TAN_FLESH,Monument Hobbies,Pro Acryl,Pro Acryl,PRO_ACRYL,,Tan Flesh,TAN FLESH,#845045,132,80,69,"132,80,69",Acrylic/Metallic comparison color,Active/Unknown,GW_registry_v6_colorfilled(1).xlsx; 883483738-7-in-1-comparison-tool-stahly-V15.pdf,"Approx Hex/RGB copied from GW registry using nearest GW swatch from Stahly 7-in-1 comparison PDF; not canonical Pro Acryl manufacturer color. GW match: Bugman‘s Glow (Base), PDF p.22, confidence: High.",#845045,Bugman‘s Glow,Base,GW_BASE_BUGMAN_S_GLOW,#845045,"132,80,69",22,335.2,High,GW_BASE_BUGMAN_S_GLOW,Bugman's Glow,Base,Base,#834F44,"131,79,68",1.73,High,Computed nearest Games Workshop swatch by Euclidean RGB distance from registry R/G/B values.
PA_PRO_ACRYL_ADVANCED_FLESH_TONE,Monument Hobbies,Pro Acryl,Pro Acryl,PRO_ACRYL,,Advanced Flesh Tone,ADVANCED FLESH TONE,#AE6B4E,174,107,78,"174,107,78",Acrylic/Metallic comparison color,Active/Unknown,GW_registry_v6_colorfilled(1).xlsx; 883483738-7-in-1-comparison-tool-stahly-V15.pdf,"Approx Hex/RGB copied from GW registry using nearest GW swatch from Stahly 7-in-1 comparison PDF; not canonical Pro Acryl manufacturer color. GW match: Ratskin Flesh (Base), PDF p.21, confidence: High.",#AE6B4E,Ratskin Flesh,Base,GW_BASE_RATSKIN_FLESH,#AE6B4E,"174,107,78",21,334.5,High,GW_BASE_RATSKIN_FLESH,Ratskin Flesh,Base,Base,#AD6B4C,"173,107,76",2.24,High,Computed nearest Games Workshop swatch by Euclidean RGB distance from registry R/G/B values.
PA_PRO_ACRYL_BRIGHT_SHADOW_FLESH,Monument Hobbies,Pro Acryl,Pro Acryl,PRO_ACRYL,,Bright Shadow Flesh,BRIGHT SHADOW FLESH,#AE6B4E,174,107,78,"174,107,78",Acrylic/Metallic comparison color,Active/Unknown,GW_registry_v6_colorfilled(1).xlsx; 883483738-7-in-1-comparison-tool-stahly-V15.pdf,"Approx Hex/RGB copied from GW registry using nearest GW swatch from Stahly 7-in-1 comparison PDF; not canonical Pro Acryl manufacturer color. GW match: Ratskin Flesh (Base), PDF p.22, confidence: High.",#AE6B4E,Ratskin Flesh,Base,GW_BASE_RATSKIN_FLESH,#AE6B4E,"174,107,78",22,322.5,High,GW_BASE_RATSKIN_FLESH,Ratskin Flesh,Base,Base,#AD6B4C,"173,107,76",2.24,High,Computed nearest Games Workshop swatch by Euclidean RGB distance from registry R/G/B values.
PA_PRO_ACRYL_SHADOW_FLESH,Monument Hobbies,Pro Acryl,Pro Acryl,PRO_ACRYL,,Shadow Flesh,SHADOW FLESH,#AE6B4E,174,107,78,"174,107,78",Acrylic/Metallic comparison color,Active/Unknown,GW_registry_v6_colorfilled(1).xlsx; 883483738-7-in-1-comparison-tool-stahly-V15.pdf,"Approx Hex/RGB copied from GW registry using nearest GW swatch from Stahly 7-in-1 comparison PDF; not canonical Pro Acryl manufacturer color. GW match: Ratskin Flesh (Base), PDF p.22, confidence: Low/manual audit.",#AE6B4E,Ratskin Flesh,Base,GW_BASE_RATSKIN_FLESH,#AE6B4E,"174,107,78",22,800,Low/manual audit,GW_BASE_RATSKIN_FLESH,Ratskin Flesh,Base,Base,#AD6B4C,"173,107,76",2.24,High,Computed nearest Games Workshop swatch by Euclidean RGB distance from registry R/G/B values.
PA_PRO_ACRYL_WARM_BROWN,Monument Hobbies,Pro Acryl,Pro Acryl,PRO_ACRYL,,Warm Brown,WARM BROWN,#654641,101,70,65,"101,70,65",Acrylic/Metallic comparison color,Active/Unknown,GW_registry_v6_colorfilled(1).xlsx; 883483738-7-in-1-comparison-tool-stahly-V15.pdf,"Approx Hex/RGB copied from GW registry using nearest GW swatch from Stahly 7-in-1 comparison PDF; not canonical Pro Acryl manufacturer color. GW match: Gorthor Brown (Layer), PDF p.23, confidence: Medium.",#654641,Gorthor Brown,Layer,GW_LAYER_GORTHOR_BROWN,#654641,"101,70,65",23,532.6,Medium,GW_LAYER_GORTHOR_BROWN,Gorthor Brown,Layer,Layer,#654741,"101,71,65",1,High,Computed nearest Games Workshop swatch by Euclidean RGB distance from registry R/G/B values.
PA_PRO_ACRYL_BLACK_BROWN,Monument Hobbies,Pro Acryl,Pro Acryl,PRO_ACRYL,,Black Brown,BLACK BROWN,#493335,73,51,53,"73,51,53",Acrylic/Metallic comparison color,Active/Unknown,GW_registry_v6_colorfilled(1).xlsx; 883483738-7-in-1-comparison-tool-stahly-V15.pdf,"Approx Hex/RGB copied from GW registry using nearest GW swatch from Stahly 7-in-1 comparison PDF; not canonical Pro Acryl manufacturer color. GW match: Rhinox Hide (Base), PDF p.23, confidence: Medium.",#493335,Rhinox Hide,Base,GW_BASE_RHINOX_HIDE,#493335,"73,51,53",23,400,Medium,GW_BASE_RHINOX_HIDE,Rhinox Hide,Base,Base,#493435,"73,52,53",1,High,Computed nearest Games Workshop swatch by Euclidean RGB distance from registry R/G/B values.
PA_PRO_ACRYL_LIGHT_UMBER,Monument Hobbies,Pro Acryl,Pro Acryl,PRO_ACRYL,,Light Umber,LIGHT UMBER,#654641,101,70,65,"101,70,65",Acrylic/Metallic comparison color,Active/Unknown,GW_registry_v6_colorfilled(1).xlsx; 883483738-7-in-1-comparison-tool-stahly-V15.pdf,"Approx Hex/RGB copied from GW registry using nearest GW swatch from Stahly 7-in-1 comparison PDF; not canonical Pro Acryl manufacturer color. GW match: Gorthor Brown (Layer), PDF p.23, confidence: High.",#654641,Gorthor Brown,Layer,GW_LAYER_GORTHOR_BROWN,#654641,"101,70,65",23,334.5,High,GW_LAYER_GORTHOR_BROWN,Gorthor Brown,Layer,Layer,#654741,"101,71,65",1,High,Computed nearest Games Workshop swatch by Euclidean RGB distance from registry R/G/B values.
PA_PRO_ACRYL_DARK_UMBER,Monument Hobbies,Pro Acryl,Pro Acryl,PRO_ACRYL,,Dark Umber,DARK UMBER,#650A09,101,10,9,"101,10,9",Acrylic/Metallic comparison color,Active/Unknown,GW_registry_v6_colorfilled(1).xlsx; 883483738-7-in-1-comparison-tool-stahly-V15.pdf,"Approx Hex/RGB copied from GW registry using nearest GW swatch from Stahly 7-in-1 comparison PDF; not canonical Pro Acryl manufacturer color. GW match: Mournfang Brown (Base), PDF p.23, confidence: High.",#650A09,Mournfang Brown,Base,GW_BASE_MOURNFANG_BROWN,#650A09,"101,10,9",23,381.1,High,GW_BASE_MOURNFANG_BROWN,Mournfang Brown,Base,Base,#640909,"100,9,9",1.41,High,Computed nearest Games Workshop swatch by Euclidean RGB distance from registry R/G/B values.
PA_PRO_ACRYL_RED_GREY,Monument Hobbies,Pro Acryl,Pro Acryl,PRO_ACRYL,,Red Grey,RED GREY,#A29E92,162,158,146,"162,158,146",Acrylic/Metallic comparison color,Active/Unknown,GW_registry_v6_colorfilled(1).xlsx; 883483738-7-in-1-comparison-tool-stahly-V15.pdf,"Approx Hex/RGB copied from GW registry using nearest GW swatch from Stahly 7-in-1 comparison PDF; not canonical Pro Acryl manufacturer color. GW match: Rakarth Flesh (Base), PDF p.24, confidence: Medium.",#A29E92,Rakarth Flesh,Base,GW_BASE_RAKARTH_FLESH,#A29E92,"162,158,146",24,400,Medium,GW_BASE_RAKARTH_FLESH,Rakarth Flesh,Base,Base,#A29E91,"162,158,145",1,High,Computed nearest Games Workshop swatch by Euclidean RGB distance from registry R/G/B values.
PA_PRO_ACRYL_BROWN_GREY,Monument Hobbies,Pro Acryl,Pro Acryl,PRO_ACRYL,,Brown Grey,BROWN GREY,#736C66,115,108,102,"115,108,102",Acrylic/Metallic comparison color,Active/Unknown,GW_registry_v6_colorfilled(1).xlsx; 883483738-7-in-1-comparison-tool-stahly-V15.pdf,"Approx Hex/RGB copied from GW registry using nearest GW swatch from Stahly 7-in-1 comparison PDF; not canonical Pro Acryl manufacturer color. GW match: Stormvermin Fur (Layer), PDF p.24, confidence: Low/manual audit.",#736C66,Stormvermin Fur,Layer,GW_LAYER_STORMVERMIN_FUR,#736C66,"115,108,102",24,1068.7,Low/manual audit,GW_LAYER_STORMVERMIN_FUR,Stormvermin Fur,Layer,Layer,#736B65,"115,107,101",1.41,High,Computed nearest Games Workshop swatch by Euclidean RGB distance from registry R/G/B values.
PA_PRO_ACRYL_BRIGHT_WARM_GREY,Monument Hobbies,Pro Acryl,Pro Acryl,PRO_ACRYL,,Bright Warm Grey,BRIGHT WARM GREY,#736C66,115,108,102,"115,108,102",Acrylic/Metallic comparison color,Active/Unknown,GW_registry_v6_colorfilled(1).xlsx; 883483738-7-in-1-comparison-tool-stahly-V15.pdf,"Approx Hex/RGB copied from GW registry using nearest GW swatch from Stahly 7-in-1 comparison PDF; not canonical Pro Acryl manufacturer color. GW match: Stormvermin Fur (Layer), PDF p.24, confidence: Medium.",#736C66,Stormvermin Fur,Layer,GW_LAYER_STORMVERMIN_FUR,#736C66,"115,108,102",24,400,Medium,GW_LAYER_STORMVERMIN_FUR,Stormvermin Fur,Layer,Layer,#736B65,"115,107,101",1.41,High,Computed nearest Games Workshop swatch by Euclidean RGB distance from registry R/G/B values.
PA_PRO_ACRYL_WARM_GREY,Monument Hobbies,Pro Acryl,Pro Acryl,PRO_ACRYL,,Warm Grey,WARM GREY,#C7E0DA,199,224,218,"199,224,218",Acrylic/Metallic comparison color,Active/Unknown,GW_registry_v6_colorfilled(1).xlsx; 883483738-7-in-1-comparison-tool-stahly-V15.pdf,"Approx Hex/RGB copied from GW registry using nearest GW swatch from Stahly 7-in-1 comparison PDF; not canonical Pro Acryl manufacturer color. GW match: Ulthuan Grey (Layer), PDF p.25, confidence: Low/manual audit.",#C7E0DA,Ulthuan Grey,Layer,GW_LAYER_ULTHUAN_GREY,#C7E0DA,"199,224,218",25,772.4,Low/manual audit,GW_LAYER_ULTHUAN_GREY,Ulthuan Grey,Layer,Layer,#C7E0D9,"199,224,217",1,High,Computed nearest Games Workshop swatch by Euclidean RGB distance from registry R/G/B values.
PA_PRO_ACRYL_DARK_WARM_GREY,Monument Hobbies,Pro Acryl,Pro Acryl,PRO_ACRYL,,Dark Warm Grey,DARK WARM GREY,#48413B,72,65,59,"72,65,59",Acrylic/Metallic comparison color,Active/Unknown,GW_registry_v6_colorfilled(1).xlsx; 883483738-7-in-1-comparison-tool-stahly-V15.pdf,"Approx Hex/RGB copied from GW registry using nearest GW swatch from Stahly 7-in-1 comparison PDF; not canonical Pro Acryl manufacturer color. GW match: Skavenblight Dinge (Layer), PDF p.25, confidence: High.",#48413B,Skavenblight Dinge,Layer,GW_LAYER_SKAVENBLIGHT_DINGE,#48413B,"72,65,59",25,326,High,GW_LAYER_SKAVENBLIGHT_DINGE,Skavenblight Dinge,Layer,Layer,#47413B,"71,65,59",1,High,Computed nearest Games Workshop swatch by Euclidean RGB distance from registry R/G/B values.
PA_PRO_ACRYL_BOLD_TITANIUM_WHITE,Monument Hobbies,Pro Acryl,Pro Acryl,PRO_ACRYL,,Bold Titanium White,BOLD TITANIUM WHITE,#C7E0DA,199,224,218,"199,224,218",Acrylic/Metallic comparison color,Active/Unknown,GW_registry_v6_colorfilled(1).xlsx; 883483738-7-in-1-comparison-tool-stahly-V15.pdf,"Approx Hex/RGB copied from GW registry using nearest GW swatch from Stahly 7-in-1 comparison PDF; not canonical Pro Acryl manufacturer color. GW match: Ulthuan Grey (Layer), PDF p.25, confidence: Medium.",#C7E0DA,Ulthuan Grey,Layer,GW_LAYER_ULTHUAN_GREY,#C7E0DA,"199,224,218",25,418.5,Medium,GW_LAYER_ULTHUAN_GREY,Ulthuan Grey,Layer,Layer,#C7E0D9,"199,224,217",1,High,Computed nearest Games Workshop swatch by Euclidean RGB distance from registry R/G/B values.
PA_PRO_ACRYL_HEAVY_TITANI_UM_WHITE,Monument Hobbies,Pro Acryl,Pro Acryl,PRO_ACRYL,,Heavy Titani- um White,HEAVY TITANI- UM WHITE,#FFFFFF,255,255,255,"255,255,255",Acrylic/Metallic comparison color,Active/Unknown,GW_registry_v6_colorfilled(1).xlsx; 883483738-7-in-1-comparison-tool-stahly-V15.pdf,"Approx Hex/RGB copied from GW registry using nearest GW swatch from Stahly 7-in-1 comparison PDF; not canonical Pro Acryl manufacturer color. GW match: Corax White (Base), PDF p.25, confidence: Medium.",#FFFFFF,Corax White,Base,GW_BASE_CORAX_WHITE,#FFFFFF,"255,255,255",25,418.5,Medium,GW_BASE_CORAX_WHITE,Corax White,Base,Base,#FFFFFF,"255,255,255",0,High,Computed nearest Games Workshop swatch by Euclidean RGB distance from registry R/G/B values.
PA_PRO_ACRYL_BRIGHT_NEUTRAL_GREY,Monument Hobbies,Pro Acryl,Pro Acryl,PRO_ACRYL,,Bright Neutral Grey,BRIGHT NEUTRAL GREY,#FFFFFF,255,255,255,"255,255,255",Acrylic/Metallic comparison color,Active/Unknown,GW_registry_v6_colorfilled(1).xlsx; 883483738-7-in-1-comparison-tool-stahly-V15.pdf,"Approx Hex/RGB copied from GW registry using nearest GW swatch from Stahly 7-in-1 comparison PDF; not canonical Pro Acryl manufacturer color. GW match: Corax White (Base), PDF p.25, confidence: High.",#FFFFFF,Corax White,Base,GW_BASE_CORAX_WHITE,#FFFFFF,"255,255,255",25,334.5,High,GW_BASE_CORAX_WHITE,Corax White,Base,Base,#FFFFFF,"255,255,255",0,High,Computed nearest Games Workshop swatch by Euclidean RGB distance from registry R/G/B values.
PA_PRO_ACRYL_NEUTRAL_GREY,Monument Hobbies,Pro Acryl,Pro Acryl,PRO_ACRYL,,Neutral Grey,NEUTRAL GREY,#4A4F53,74,79,83,"74,79,83",Acrylic/Metallic comparison color,Active/Unknown,GW_registry_v6_colorfilled(1).xlsx; 883483738-7-in-1-comparison-tool-stahly-V15.pdf,"Approx Hex/RGB copied from GW registry using nearest GW swatch from Stahly 7-in-1 comparison PDF; not canonical Pro Acryl manufacturer color. GW match: Eshin Grey (Layer), PDF p.25, confidence: Low/manual audit.",#4A4F53,Eshin Grey,Layer,GW_LAYER_ESHIN_GREY,#4A4F53,"74,79,83",25,771.7,Low/manual audit,GW_LAYER_ESHIN_GREY,Eshin Grey,Layer,Layer,#4A4F52,"74,79,82",1,High,Computed nearest Games Workshop swatch by Euclidean RGB distance from registry R/G/B values.
PA_PRO_ACRYL_DARK_NEUTRAL_GREY,Monument Hobbies,Pro Acryl,Pro Acryl,PRO_ACRYL,,Dark Neutral Grey,DARK NEUTRAL GREY,#4A4F53,74,79,83,"74,79,83",Acrylic/Metallic comparison color,Active/Unknown,GW_registry_v6_colorfilled(1).xlsx; 883483738-7-in-1-comparison-tool-stahly-V15.pdf,"Approx Hex/RGB copied from GW registry using nearest GW swatch from Stahly 7-in-1 comparison PDF; not canonical Pro Acryl manufacturer color. GW match: Eshin Grey (Layer), PDF p.25, confidence: High.",#4A4F53,Eshin Grey,Layer,GW_LAYER_ESHIN_GREY,#4A4F53,"74,79,83",25,322.5,High,GW_LAYER_ESHIN_GREY,Eshin Grey,Layer,Layer,#4A4F52,"74,79,82",1,High,Computed nearest Games Workshop swatch by Euclidean RGB distance from registry R/G/B values.
PA_PRO_ACRYL_COAL_BLACK,Monument Hobbies,Pro Acryl,Pro Acryl,PRO_ACRYL,,Coal Black,COAL BLACK,#231F20,35,31,32,"35,31,32",Acrylic/Metallic comparison color,Active/Unknown,GW_registry_v6_colorfilled(1).xlsx; 883483738-7-in-1-comparison-tool-stahly-V15.pdf,"Approx Hex/RGB copied from GW registry using nearest GW swatch from Stahly 7-in-1 comparison PDF; not canonical Pro Acryl manufacturer color. GW match: Abaddon Black (Base), PDF p.27, confidence: High.",#231F20,Abaddon Black,Base,GW_BASE_ABADDON_BLACK,#231F20,"35,31,32",27,326.5,High,GW_BASE_ABADDON_BLACK,Abaddon Black,Base,Base,#231F20,"35,31,32",0,High,Computed nearest Games Workshop swatch by Euclidean RGB distance from registry R/G/B values.
PA_PRO_ACRYL_SATIN_BLACK,Monument Hobbies,Pro Acryl,Pro Acryl,PRO_ACRYL,,Satin Black,SATIN BLACK,#3C5051,60,80,81,"60,80,81",Acrylic/Metallic comparison color,Active/Unknown,GW_registry_v6_colorfilled(1).xlsx; 883483738-7-in-1-comparison-tool-stahly-V15.pdf,"Approx Hex/RGB copied from GW registry using nearest GW swatch from Stahly 7-in-1 comparison PDF; not canonical Pro Acryl manufacturer color. GW match: Dark Reaper (Layer), PDF p.27, confidence: Medium.",#3C5051,Dark Reaper,Layer,GW_LAYER_DARK_REAPER,#3C5051,"60,80,81",27,518.6,Medium,GW_LAYER_DARK_REAPER,Dark Reaper,Layer,Layer,#3B5150,"59,81,80",1.73,High,Computed nearest Games Workshop swatch by Euclidean RGB distance from registry R/G/B values.
PA_PRO_ACRYL_SILVER,Monument Hobbies,Pro Acryl,Pro Acryl,PRO_ACRYL,,Silver,SILVER,#C6CBD0,198,203,208,"198,203,208",Acrylic/Metallic comparison color,Active/Unknown,GW_registry_v6_colorfilled(1).xlsx; 883483738-7-in-1-comparison-tool-stahly-V15.pdf,"Approx Hex/RGB copied from GW registry using nearest GW swatch from Stahly 7-in-1 comparison PDF; not canonical Pro Acryl manufacturer color. GW match: Runefang Steel (Layer), PDF p.28, confidence: Medium.",#C6CBD0,Runefang Steel,Layer,GW_LAYER_RUNEFANG_STEEL,#C6CBD0,"198,203,208",28,654.2,Medium,GW_LAYER_RUNEFANG_STEEL,Runefang Steel,Layer,Layer,#C3CACE,"195,202,206",3.74,High,Computed nearest Games Workshop swatch by Euclidean RGB distance from registry R/G/B values.
PA_PRO_ACRYL_DARK_SILVER,Monument Hobbies,Pro Acryl,Pro Acryl,PRO_ACRYL,,Dark Silver,DARK SILVER,#475659,71,86,89,"71,86,89",Acrylic/Metallic comparison color,Active/Unknown,GW_registry_v6_colorfilled(1).xlsx; 883483738-7-in-1-comparison-tool-stahly-V15.pdf,"Approx Hex/RGB copied from GW registry using nearest GW swatch from Stahly 7-in-1 comparison PDF; not canonical Pro Acryl manufacturer color. GW match: Leadbelcher (Base), PDF p.28, confidence: Medium.",#475659,Leadbelcher,Base,GW_BASE_LEADBELCHER,#475659,"71,86,89",28,518.6,Medium,GW_LAYER_ESHIN_GREY,Eshin Grey,Layer,Layer,#4A4F52,"74,79,82",10.34,High,Computed nearest Games Workshop swatch by Euclidean RGB distance from registry R/G/B values.
PA_PRO_ACRYL_WHITE_GOLD,Monument Hobbies,Pro Acryl,Pro Acryl,PRO_ACRYL,,White Gold,WHITE GOLD,#CEAE65,206,174,101,"206,174,101",Acrylic/Metallic comparison color,Active/Unknown,GW_registry_v6_colorfilled(1).xlsx; 883483738-7-in-1-comparison-tool-stahly-V15.pdf,"Approx Hex/RGB copied from GW registry using nearest GW swatch from Stahly 7-in-1 comparison PDF; not canonical Pro Acryl manufacturer color. GW match: Retributor Armour (Base), PDF p.29, confidence: Low/manual audit.",#CEAE65,Retributor Armour,Base,GW_BASE_RETRIBUTOR_ARMOUR,#CEAE65,"206,174,101",29,755.2,Low/manual audit,GW_LAYER_UNGOR_FLESH,Ungor Flesh,Layer,Layer,#D6A766,"214,167,102",10.68,High,Computed nearest Games Workshop swatch by Euclidean RGB distance from registry R/G/B values.
PA_PRO_ACRYL_LIGHT_BRONZE,Monument Hobbies,Pro Acryl,Pro Acryl,PRO_ACRYL,,Light Bronze,LIGHT BRONZE,#D5C4AA,213,196,170,"213,196,170",Acrylic/Metallic comparison color,Active/Unknown,GW_registry_v6_colorfilled(1).xlsx; 883483738-7-in-1-comparison-tool-stahly-V15.pdf,"Approx Hex/RGB copied from GW registry using nearest GW swatch from Stahly 7-in-1 comparison PDF; not canonical Pro Acryl manufacturer color. GW match: Liberator Gold (Layer), PDF p.29, confidence: Medium.",#D5C4AA,Liberator Gold,Layer,GW_LAYER_LIBERATOR_GOLD,#D5C4AA,"213,196,170",29,664.3,Medium,GW_DRY_LONGBEARD_GREY,Longbeard Grey,Dry,Dry,#CECEAF,"206,206,175",13.19,High,Computed nearest Games Workshop swatch by Euclidean RGB distance from registry R/G/B values.
PA_PRO_ACRYL_BRIGHT_GOLD,Monument Hobbies,Pro Acryl,Pro Acryl,PRO_ACRYL,,Bright Gold,BRIGHT GOLD,#D5C4AA,213,196,170,"213,196,170",Acrylic/Metallic comparison color,Active/Unknown,GW_registry_v6_colorfilled(1).xlsx; 883483738-7-in-1-comparison-tool-stahly-V15.pdf,"Approx Hex/RGB copied from GW registry using nearest GW swatch from Stahly 7-in-1 comparison PDF; not canonical Pro Acryl manufacturer color. GW match: Liberator Gold (Layer), PDF p.29, confidence: High.",#D5C4AA,Liberator Gold,Layer,GW_LAYER_LIBERATOR_GOLD,#D5C4AA,"213,196,170",29,334.5,High,GW_DRY_LONGBEARD_GREY,Longbeard Grey,Dry,Dry,#CECEAF,"206,206,175",13.19,High,Computed nearest Games Workshop swatch by Euclidean RGB distance from registry R/G/B values.
PA_PRO_ACRYL_RICH_GOLD,Monument Hobbies,Pro Acryl,Pro Acryl,PRO_ACRYL,,Rich Gold,RICH GOLD,#CEAE65,206,174,101,"206,174,101",Acrylic/Metallic comparison color,Active/Unknown,GW_registry_v6_colorfilled(1).xlsx; 883483738-7-in-1-comparison-tool-stahly-V15.pdf,"Approx Hex/RGB copied from GW registry using nearest GW swatch from Stahly 7-in-1 comparison PDF; not canonical Pro Acryl manufacturer color. GW match: Retributor Armour (Base), PDF p.29, confidence: High.",#CEAE65,Retributor Armour,Base,GW_BASE_RETRIBUTOR_ARMOUR,#CEAE65,"206,174,101",29,322.6,High,GW_LAYER_UNGOR_FLESH,Ungor Flesh,Layer,Layer,#D6A766,"214,167,102",10.68,High,Computed nearest Games Workshop swatch by Euclidean RGB distance from registry R/G/B values.
PA_PRO_ACRYL_BRONZE,Monument Hobbies,Pro Acryl,Pro Acryl,PRO_ACRYL,,Bronze,BRONZE,#CBB394,203,179,148,"203,179,148",Acrylic/Metallic comparison color,Active/Unknown,GW_registry_v6_colorfilled(1).xlsx; 883483738-7-in-1-comparison-tool-stahly-V15.pdf,"Approx Hex/RGB copied from GW registry using nearest GW swatch from Stahly 7-in-1 comparison PDF; not canonical Pro Acryl manufacturer color. GW match: Sycorax Bronze (Layer), PDF p.30, confidence: Low/manual audit.",#CBB394,Sycorax Bronze,Layer,GW_LAYER_SYCORAX_BRONZE,#CBB394,"203,179,148",30,1287.9,Low/manual audit,GW_LAYER_SYCORAX_BRONZE,Sycorax Bronze,Layer,Layer,#CBB394,"203,179,148",0,High,Computed nearest Games Workshop swatch by Euclidean RGB distance from registry R/G/B values.
PA_PRO_ACRYL_MAGNESIUM,Monument Hobbies,Pro Acryl,Pro Acryl,PRO_ACRYL,,Magnesium,MAGNESIUM,#CBB394,203,179,148,"203,179,148",Acrylic/Metallic comparison color,Active/Unknown,GW_registry_v6_colorfilled(1).xlsx; 883483738-7-in-1-comparison-tool-stahly-V15.pdf,"Approx Hex/RGB copied from GW registry using nearest GW swatch from Stahly 7-in-1 comparison PDF; not canonical Pro Acryl manufacturer color. GW match: Sycorax Bronze (Layer), PDF p.30, confidence: Low/manual audit.",#CBB394,Sycorax Bronze,Layer,GW_LAYER_SYCORAX_BRONZE,#CBB394,"203,179,148",30,881.5,Low/manual audit,GW_LAYER_SYCORAX_BRONZE,Sycorax Bronze,Layer,Layer,#CBB394,"203,179,148",0,High,Computed nearest Games Workshop swatch by Euclidean RGB distance from registry R/G/B values.
PA_PRO_ACRYL_COPPER,Monument Hobbies,Pro Acryl,Pro Acryl,PRO_ACRYL,,Copper,COPPER,#C69169,198,145,105,"198,145,105",Acrylic/Metallic comparison color,Active/Unknown,GW_registry_v6_colorfilled(1).xlsx; 883483738-7-in-1-comparison-tool-stahly-V15.pdf,"Approx Hex/RGB copied from GW registry using nearest GW swatch from Stahly 7-in-1 comparison PDF; not canonical Pro Acryl manufacturer color. GW match: Hashut Copper (Layer), PDF p.30, confidence: High.",#C69169,Hashut Copper,Layer,GW_LAYER_HASHUT_COPPER,#C69169,"198,145,105",30,330.6,High,GW_LAYER_KARAK_STONE,Karak Stone,Layer,Layer,#BB9662,"187,150,98",13.96,High,Computed nearest Games Workshop swatch by Euclidean RGB distance from registry R/G/B values.
PA_PRO_ACRYL_DARK_BRONZE,Monument Hobbies,Pro Acryl,Pro Acryl,PRO_ACRYL,,Dark Bronze,DARK BRONZE,#CBB394,203,179,148,"203,179,148",Acrylic/Metallic comparison color,Active/Unknown,GW_registry_v6_colorfilled(1).xlsx; 883483738-7-in-1-comparison-tool-stahly-V15.pdf,"Approx Hex/RGB copied from GW registry using nearest GW swatch from Stahly 7-in-1 comparison PDF; not canonical Pro Acryl manufacturer color. GW match: Sycorax Bronze (Layer), PDF p.30, confidence: Medium.",#CBB394,Sycorax Bronze,Layer,GW_LAYER_SYCORAX_BRONZE,#CBB394,"203,179,148",30,535.8,Medium,GW_LAYER_SYCORAX_BRONZE,Sycorax Bronze,Layer,Layer,#CBB394,"203,179,148",0,High,Computed nearest Games Workshop swatch by Euclidean RGB distance from registry R/G/B values.
