Air_Paint,Main_Paint,Status,Air_Paint_ID,Matched_Main_Paint_ID,Matched_Main_Product_Line,Inherited_Hex,Inherited_RGB
Zombie Flesh,Grotesque Green,MAIN_NOT_FOUND_OR_MISSING_COLOR,AP_AIR_ZOMBIE_FLESH,,,,
Necrotic Flesh,Necrotic Flesh,AIR_ALREADY_HAS_COLOR,AP_AIR_NECROTIC_FLESH,AP_FANATIC_NECROTIC_FLESH,Fanatic,#BFC292,"191,194,146"
Gremlin Green,Camouflage Green,FILLED,AP_AIR_GREMLIN_GREEN,AP_FANATIC_CAMOUFLAGE_GREEN,Fanatic,#A5A542,"165,165,66"
Army Green,Army Green,AIR_ALREADY_HAS_COLOR,AP_AIR_ARMY_GREEN,AP_FANATIC_ARMY_GREEN,Fanatic,#6E7645,"110,118,69"
Militia Green,Woodland Camo,MAIN_NOT_FOUND_OR_MISSING_COLOR,AP_AIR_MILITIA_GREEN,,,,
Leviathan Light,Mossy Green,MAIN_NOT_FOUND_OR_MISSING_COLOR,AP_AIR_LEVIATHAN_LIGHT,,,,
Undergrowth Green,Emerald Frost,MAIN_NOT_FOUND_OR_MISSING_COLOR,AP_AIR_UNDERGROWTH_GREEN,,,,
Jungle Green,Rainforest,MAIN_NOT_FOUND_OR_MISSING_COLOR,AP_AIR_JUNGLE_GREEN,,,,
Canopy Green,Lime Green,MAIN_NOT_FOUND_OR_MISSING_COLOR,AP_AIR_CANOPY_GREEN,,,,
Feral Green,Ferocious Green,MAIN_NOT_FOUND_OR_MISSING_COLOR,AP_AIR_FERAL_GREEN,,,,
Goblin Green,Eternal Hunt,MAIN_NOT_FOUND_OR_MISSING_COLOR,AP_AIR_GOBLIN_GREEN,,,,
Green Skin,Green Skin,AIR_NOT_FOUND,,,,,
Savage Green,Guardian Green,MAIN_NOT_FOUND_OR_MISSING_COLOR,AP_AIR_SAVAGE_GREEN,,,,
Angel Green,Angel Green,AIR_ALREADY_HAS_COLOR,AP_AIR_ANGEL_GREEN,AP_FANATIC_ANGEL_GREEN,Fanatic,#0C391D,"12,57,29"
Runic Spell,Temple Gate Teal,AIR_NOT_FOUND,,,,,
Wizard's Orb,Feral Guard,AIR_NOT_FOUND,,,,,
Elemental Bolt,Talisman Teal,MAIN_NOT_FOUND_OR_MISSING_COLOR,AP_AIR_ELEMENTAL_BOLT,,,,
Hazardous Smog,Amulet Aqua,MAIN_NOT_FOUND_OR_MISSING_COLOR,AP_AIR_HAZARDOUS_SMOG,,,,
Toxic Mist,Marine Mist,MAIN_NOT_FOUND_OR_MISSING_COLOR,AP_AIR_TOXIC_MIST,,,,
Phantasmal Blue,Aquamarine,MAIN_NOT_FOUND_OR_MISSING_COLOR,AP_AIR_PHANTASMAL_BLUE,,,,
Hydra Turquoise,Hydra Turquoise,AIR_ALREADY_HAS_COLOR,AP_AIR_HYDRA_TURQUOISE,AP_FANATIC_HYDRA_TURQUOISE,Fanatic,#199BA3,"25,155,163"
Ocean Depths,Deep Azure,MAIN_NOT_FOUND_OR_MISSING_COLOR,AP_AIR_OCEAN_DEPTHS,,,,
Thunderstorm,Deep Ocean Blue,AIR_NOT_FOUND,,,,,
Twilight Sky,Abyssal Blue,MAIN_NOT_FOUND_OR_MISSING_COLOR,AP_AIR_TWILIGHT_SKY,,,,
Ionic Blue,Arctic Gem,MAIN_NOT_FOUND_OR_MISSING_COLOR,AP_AIR_IONIC_BLUE,,,,
Crystal Blue,Crystal Blue,AIR_ALREADY_HAS_COLOR,AP_AIR_CRYSTAL_BLUE,AP_FANATIC_CRYSTAL_BLUE,Fanatic,#0083C2,"0,131,194"
Sapphire Gem,Royal Blue,FILLED,AP_AIR_SAPPHIRE_GEM,AP_FANATIC_ROYAL_BLUE,Fanatic,#41558D,"65,85,141"
Dark Sky,Triumphant Navy,MAIN_NOT_FOUND_OR_MISSING_COLOR,AP_AIR_DARK_SKY,,,,
Ultramarine Blue,Ultramarine Blue,AIR_ALREADY_HAS_COLOR,AP_AIR_ULTRAMARINE_BLUE,AP_FANATIC_ULTRAMARINE_BLUE,Fanatic,#29397B,"41,57,123"
Consul Blue,Barren Blue,MAIN_NOT_FOUND_OR_MISSING_COLOR,AP_AIR_CONSUL_BLUE,,,,
Storm Wolf,Augur Blue,MAIN_NOT_FOUND_OR_MISSING_COLOR,AP_AIR_STORM_WOLF,,,,
Matt White,Matt White,AIR_ALREADY_HAS_COLOR,AP_AIR_MATT_WHITE,AP_FANATIC_MATT_WHITE,Fanatic,#FFFFFF,"255,255,255"
Company Grey,Company Grey,AIR_NOT_FOUND,,,,,
Uniform Grey,Uniform Grey,AIR_ALREADY_HAS_COLOR,AP_AIR_UNIFORM_GREY,AP_FANATIC_UNIFORM_GREY,Fanatic,#5E6A73,"94,106,115"
Matt Black,Matt Black,AIR_ALREADY_HAS_COLOR,AP_AIR_MATT_BLACK,AP_FANATIC_MATT_BLACK,Fanatic,#231F20,"35,31,32"
Kobold Skin,Urban Buff,MAIN_NOT_FOUND_OR_MISSING_COLOR,AP_AIR_KOBOLD_SKIN,,,,
Gnome Cheeks,Command Khaki,MAIN_NOT_FOUND_OR_MISSING_COLOR,AP_AIR_GNOME_CHEEKS,,,,
Leather Brown,Leather Brown,AIR_ALREADY_HAS_COLOR,AP_AIR_LEATHER_BROWN,AP_FANATIC_LEATHER_BROWN,Fanatic,#764823,"118,72,35"
Mongolia Brown,Brigandine Brown,AIR_NOT_FOUND,,,,,
Yellow Dune,Wasteland Clay,MAIN_NOT_FOUND_OR_MISSING_COLOR,AP_AIR_YELLOW_DUNE,,,,
Desert Yellow,Desert Yellow,AIR_ALREADY_HAS_COLOR,AP_AIR_DESERT_YELLOW,AP_FANATIC_DESERT_YELLOW,Fanatic,#9C8855,"156,136,85"
Baron Yellow,Prairie Ochre,AIR_NOT_FOUND,,,,,
Skeleton Bone,Skeleton Bone,AIR_ALREADY_HAS_COLOR,AP_AIR_SKELETON_BONE,AP_FANATIC_SKELETON_BONE,Fanatic,#D3C89D,"211,200,157"
Bleached Bone,Bony Spikes,MAIN_NOT_FOUND_OR_MISSING_COLOR,AP_AIR_BLEACHED_BONE,,,,
Hobgoblin Hue,Pale Sand,MAIN_NOT_FOUND_OR_MISSING_COLOR,AP_AIR_HOBGOBLIN_HUE,,,,
Cosmic Dust,Ice Yellow,MAIN_NOT_FOUND_OR_MISSING_COLOR,AP_AIR_COSMIC_DUST,,,,
Moon Dust,Space Dust,MAIN_NOT_FOUND_OR_MISSING_COLOR,AP_AIR_MOON_DUST,,,,
Meteor Rock,Warped Yellow,MAIN_NOT_FOUND_OR_MISSING_COLOR,AP_AIR_METEOR_ROCK,,,,
Demonic Yellow,Demonic Yellow,AIR_NOT_FOUND,,,,,
Molten Orange,Molten Lava,MAIN_NOT_FOUND_OR_MISSING_COLOR,AP_AIR_MOLTEN_ORANGE,,,,
Archangel Red,Burning Ore,MAIN_NOT_FOUND_OR_MISSING_COLOR,AP_AIR_ARCHANGEL_RED,,,,
Lava Orange,Lava Orange,AIR_ALREADY_HAS_COLOR,AP_AIR_LAVA_ORANGE,AP_FANATIC_LAVA_ORANGE,Fanatic,#E65525,"230,85,37"
Orange Magma,Flickering Flame,MAIN_NOT_FOUND_OR_MISSING_COLOR,AP_AIR_ORANGE_MAGMA,,,,
Incursion Orange,Glowing Inferno,MAIN_NOT_FOUND_OR_MISSING_COLOR,AP_AIR_INCURSION_ORANGE,,,,
Nomad Flesh,Violent Vermilion,MAIN_NOT_FOUND_OR_MISSING_COLOR,AP_AIR_NOMAD_FLESH,,,,
Oak Brown,Oak Brown,AIR_ALREADY_HAS_COLOR,AP_AIR_OAK_BROWN,AP_FANATIC_OAK_BROWN,Fanatic,#432010,"67,32,16"
Cypress Brown,Dryad Brown,MAIN_NOT_FOUND_OR_MISSING_COLOR,AP_AIR_CYPRESS_BROWN,,,,
Fur Brown,Fur Brown,AIR_ALREADY_HAS_COLOR,AP_AIR_FUR_BROWN,AP_FANATIC_FUR_BROWN,Fanatic,#A14322,"161,67,34"
Viper Brown,Ruddy Umber,MAIN_NOT_FOUND_OR_MISSING_COLOR,AP_AIR_VIPER_BROWN,,,,
Wyrmling Red,Raging Rose,MAIN_NOT_FOUND_OR_MISSING_COLOR,AP_AIR_WYRMLING_RED,,,,
Pure Red,Pure Red,AIR_ALREADY_HAS_COLOR,AP_AIR_PURE_RED,AP_FANATIC_PURE_RED,Fanatic,#CF2127,"207,33,39"
Dragon Red,Dragon Red,AIR_ALREADY_HAS_COLOR,AP_AIR_DRAGON_RED,AP_FANATIC_DRAGON_RED,Fanatic,#9A1B1E,"154,27,30"
Rebel Red,Wyvern Fury,MAIN_NOT_FOUND_OR_MISSING_COLOR,AP_AIR_REBEL_RED,,,,
Chimera Red,Basilisk Red,MAIN_NOT_FOUND_OR_MISSING_COLOR,AP_AIR_CHIMERA_RED,,,,
Warlock Purple,Wicked Pink,MAIN_NOT_FOUND_OR_MISSING_COLOR,AP_AIR_WARLOCK_PURPLE,,,,
Pixie Pink,Pixie Pink,AIR_ALREADY_HAS_COLOR,AP_AIR_PIXIE_PINK,AP_FANATIC_PIXIE_PINK,Fanatic,#D47A83,"212,122,131"
Fey Pink,Weird Elixir,MAIN_NOT_FOUND_OR_MISSING_COLOR,AP_AIR_FEY_PINK,,,,
Gallium Purple,Alien Purple,AIR_NOT_FOUND,,,,,
Broodmother Purple,Terrestrial Titan,MAIN_NOT_FOUND_OR_MISSING_COLOR,AP_AIR_BROODMOTHER_PURPLE,,,,
Witchbane Plum,Spellbound Fuchsia,MAIN_NOT_FOUND_OR_MISSING_COLOR,AP_AIR_WITCHBANE_PLUM,,,,
Coven Purple,Figgy Pink,MAIN_NOT_FOUND_OR_MISSING_COLOR,AP_AIR_COVEN_PURPLE,,,,
Fairy Pink,Elder Flower,MAIN_NOT_FOUND_OR_MISSING_COLOR,AP_AIR_FAIRY_PINK,,,,
Barbarian Flesh,Barbarian Flesh,AIR_ALREADY_HAS_COLOR,AP_AIR_BARBARIAN_FLESH,AP_FANATIC_BARBARIAN_FLESH,Fanatic,#E89C6C,"232,156,108"
Chaotic Red,Carnelian Skin,MAIN_NOT_FOUND_OR_MISSING_COLOR,AP_AIR_CHAOTIC_RED,,,,
Husk Brown,Tiger Eye Skin,MAIN_NOT_FOUND_OR_MISSING_COLOR,AP_AIR_HUSK_BROWN,,,,
Charred Bone,Amber Skin,MAIN_NOT_FOUND_OR_MISSING_COLOR,AP_AIR_CHARRED_BONE,,,,
Rough Iron,Rough Iron,MAIN_NOT_FOUND_OR_MISSING_COLOR,AP_AIR_ROUGH_IRON,,,,
Evil Chrome,Evil Chrome,MAIN_NOT_FOUND_OR_MISSING_COLOR,AP_AIR_EVIL_CHROME,,,,
True Copper,True Copper,MAIN_NOT_FOUND_OR_MISSING_COLOR,AP_AIR_TRUE_COPPER,,,,
Gemstone,Gemstone Red,AIR_NOT_FOUND,,,,,
Bright Gold,Bright Gold,MAIN_NOT_FOUND_OR_MISSING_COLOR,AP_AIR_BRIGHT_GOLD,,,,
Greedy Gold,Greedy Gold,MAIN_NOT_FOUND_OR_MISSING_COLOR,AP_AIR_GREEDY_GOLD,,,,
Tainted Gold,Tainted Gold,MAIN_NOT_FOUND_OR_MISSING_COLOR,AP_AIR_TAINTED_GOLD,,,,
Glitter Green,Glittering Green,AIR_NOT_FOUND,,,,,
Gunmetal,Gunmetal,AIR_NOT_FOUND,,,,,
Plate Mail Metal,Plate Mail Metal,MAIN_NOT_FOUND_OR_MISSING_COLOR,AP_AIR_PLATE_MAIL_METAL,,,,
