paint_id,brand,paint_name,paint_type,color_family,hex,status,source_group,source_column,source_row,notes
citadel_base_abaddon_black,Citadel,Abaddon Black,Base,Black and Grey,#231F20,Active,Base Paints Name,A,3,
citadel_base_averland_sunset,Citadel,Averland Sunset,Base,Yellow,#FCB825,Active,Base Paints Name,A,4,
citadel_base_balthasar_gold,Citadel,Balthasar Gold,Base,Gold,#87542F,Active,Base Paints Name,A,5,
citadel_base_barak_nar_burgundy,Citadel,Barak-Nar Burgundy,Base,Red,,Active,Base Paints Name,A,6,
citadel_base_bugman_s_glow,Citadel,Bugman's Glow,Base,Brown,#845045,Active,Base Paints Name,A,7,
citadel_base_caledor_sky,Citadel,Caledor Sky,Base,Blue,#396F9E,Active,Base Paints Name,A,8,
citadel_base_caliban_green,Citadel,Caliban Green,Base,Green,#00401E,Active,Base Paints Name,A,9,
citadel_base_castellan_green,Citadel,Castellan Green,Base,Green,#304921,Active,Base Paints Name,A,10,
citadel_base_catachan_flesh,Citadel,Catachan Flesh,Base,Brown,,Active,Base Paints Name,A,11,
citadel_base_celestra_grey,Citadel,Celestra Grey,Base,Black and Grey,#90A8A8,Active,Base Paints Name,A,12,
citadel_base_corax_white,Citadel,Corax White,Base,White,#FFFFFF,Active,Base Paints Name,A,13,
citadel_base_corvus_black,Citadel,Corvus Black,Base,Black and Grey,,Active,Base Paints Name,A,14,
citadel_base_daemonette_hide,Citadel,Daemonette Hide,Base,Purple,#696685,Active,Base Paints Name,A,15,
citadel_base_death_guard_green,Citadel,Death Guard Green,Base,Green,#9C9171,Active,Base Paints Name,A,16,
citadel_base_death_korps_drab,Citadel,Death Korps Drab,Base,Brown,,Active,Base Paints Name,A,17,
citadel_base_deathworld_forest,Citadel,Deathworld Forest,Base,Brown,#5D6732,Active,Base Paints Name,A,18,
citadel_base_dryad_bark,Citadel,Dryad Bark,Base,Brown,#34312C,Active,Base Paints Name,A,19,
citadel_base_gal_vorbak_red,Citadel,Gal Vorbak Red,Base,Red,,Active,Base Paints Name,A,20,
citadel_base_grey_knights_steel,Citadel,Grey Knights Steel,Base,Black and Grey,,Active,Base Paints Name,A,21,
citadel_base_grey_seer,Citadel,Grey Seer,Base,Black and Grey,,Active,Base Paints Name,A,22,
citadel_base_hobgrot_hide,Citadel,Hobgrot Hide,Base,Brown,,Active,Base Paints Name,A,23,
citadel_base_incubi_darkness,Citadel,Incubi Darkness,Base,Blue-Green,#0B4849,Active,Base Paints Name,A,24,
citadel_base_ionrach_skin,Citadel,Ionrach Skin,Base,Brown,,Active,Base Paints Name,A,25,
citadel_base_iron_hands_steel,Citadel,Iron Hands Steel,Base,Silver,,Active,Base Paints Name,A,26,
citadel_base_iron_warriors,Citadel,Iron Warriors,Base,Silver,,Active,Base Paints Name,A,27,
citadel_base_jokaero_orange,Citadel,Jokaero Orange,Base,Orange,#EE3823,Active,Base Paints Name,A,28,
citadel_base_kantor_blue,Citadel,Kantor Blue,Base,Blue,#002051,Active,Base Paints Name,A,29,
citadel_base_khorne_red,Citadel,Khorne Red,Base,Red,#6A0002,Active,Base Paints Name,A,30,
citadel_base_leadbelcher,Citadel,Leadbelcher,Base,Silver,#475659,Active,Base Paints Name,A,31,
citadel_base_lupercal_green,Citadel,Lupercal Green,Base,Green,,Active,Base Paints Name,B,3,
citadel_base_macragge_blue,Citadel,Macragge Blue,Base,Blue,#0D407F,Active,Base Paints Name,B,4,
citadel_base_mechanicus_std_grey,Citadel,Mechanicus Std Grey,Base,Black and Grey,,Active,Base Paints Name,B,5,
citadel_base_mephiston_red,Citadel,Mephiston Red,Base,Red,#991115,Active,Base Paints Name,B,6,
citadel_base_morghast_bone,Citadel,Morghast Bone,Base,Brown,,Active,Base Paints Name,B,8,
citadel_base_mournfang_brown,Citadel,Mournfang Brown,Base,Brown,#650A09,Active,Base Paints Name,B,10,
citadel_base_naggaroth_night,Citadel,Naggaroth Night,Base,Purple,#3E3355,Active,Base Paints Name,B,7,
citadel_base_night_lords_blue,Citadel,Night Lords Blue,Base,Blue,,Active,Base Paints Name,B,9,
citadel_base_nocturne_green,Citadel,Nocturne Green,Base,Green,,Active,Base Paints Name,B,11,
citadel_base_orruk_flesh,Citadel,Orruk Flesh,Base,Brown,,Active,Base Paints Name,B,12,
citadel_base_phoenician_purple,Citadel,Phoenician Purple,Base,Purple,,Active,Base Paints Name,B,13,
citadel_base_rakarth_flesh,Citadel,Rakarth Flesh,Base,Brown,#A29E92,Active,Base Paints Name,B,14,
citadel_base_ratskin_flesh,Citadel,Ratskin Flesh,Base,Brown,#AE6B4E,Active,Base Paints Name,B,15,
citadel_base_retributor_armour,Citadel,Retributor Armour,Base,Gold,#CEAE65,Active,Base Paints Name,B,16,
citadel_base_rhinox_hide,Citadel,Rhinox Hide,Base,Brown,#493335,Active,Base Paints Name,B,17,
citadel_base_runelord_brass,Citadel,Runelord Brass,Base,Brass,#BCAFA0,Active,Base Paints Name,B,18,
citadel_base_screamer_pink,Citadel,Screamer Pink,Base,Pink,#7C1645,Active,Base Paints Name,B,19,
citadel_base_screaming_bell,Citadel,Screaming Bell,Base,Bronze,#B3562B,Active,Base Paints Name,B,20,
citadel_base_steel_legion_drab,Citadel,Steel Legion Drab,Base,Brown,#5F5134,Active,Base Paints Name,B,21,
citadel_base_stegadon_scale_green,Citadel,Stegadon Scale Green,Base,Blue-Green,#074864,Active,Base Paints Name,B,22,
citadel_base_the_fang,Citadel,The Fang,Base,Black and Grey,#436276,Active,Base Paints Name,B,23,
citadel_base_thondia_brown,Citadel,Thondia Brown,Base,Brown,,Active,Base Paints Name,B,24,
citadel_base_thousand_sons_blue,Citadel,Thousand Sons Blue,Base,Blue,#18ABCC,Active,Base Paints Name,B,25,
citadel_base_waaagh_flesh,Citadel,Waaagh! Flesh,Base,Green,#20552B,Active,Base Paints Name,B,28,
citadel_base_warplock_bronze,Citadel,Warplock Bronze,Base,Bronze,#695154,Active,Base Paints Name,B,26,
citadel_base_wraithbone,Citadel,Wraithbone,Base,Brown,,Active,Base Paints Name,B,29,
citadel_base_xv_88,Citadel,XV-88,Base,Brown,#72481E,Active,Base Paints Name,B,27,
citadel_base_zandri_dust,Citadel,Zandri Dust,Base,Brown,#9E915C,Active,Base Paints Name,B,30,
citadel_contrast_aeldari_emerald,Citadel,Aeldari Emerald,Contrast,Green,,Active,Contrast Paint Name,F,3,
citadel_contrast_aethermatic_blue,Citadel,Aethermatic Blue,Contrast,Blue,,Active,Contrast Paint Name,F,4,
citadel_contrast_aggaros_dunes,Citadel,Aggaros Dunes,Contrast,Brown,,Active,Contrast Paint Name,F,5,
citadel_contrast_akhelian_green,Citadel,Akhelian Green,Contrast,Green,,Active,Contrast Paint Name,F,6,
citadel_contrast_apothecary_white,Citadel,Apothecary White,Contrast,White,,Active,Contrast Paint Name,F,7,
citadel_contrast_asurmen_blue,Citadel,Asurmen Blue,Contrast,Blue,,Active,Contrast Paint Name,F,8,
citadel_contrast_baal_red,Citadel,Baal Red,Contrast,Red,,Active,Contrast Paint Name,F,9,
citadel_contrast_bad_moon_yellow,Citadel,Bad Moon Yellow,Contrast,Yellow,,Active,Contrast Paint Name,F,10,
citadel_contrast_basilicanum_grey,Citadel,Basilicanum Grey,Contrast,Black and Grey,,Active,Contrast Paint Name,F,11,
citadel_contrast_black_legion,Citadel,Black Legion,Contrast,Black and Grey,,Active,Contrast Paint Name,F,12,
citadel_contrast_black_templar,Citadel,Black Templar,Contrast,Black and Grey,,Active,Contrast Paint Name,F,13,
citadel_contrast_blood_angels_red,Citadel,Blood Angels Red,Contrast,Red,,Active,Contrast Paint Name,F,14,
citadel_contrast_briar_queen_chill,Citadel,Briar Queen Chill,Contrast,Blue,,Active,Contrast Paint Name,F,15,
citadel_contrast_celestium_blue,Citadel,Celestium Blue,Contrast,Blue,,Active,Contrast Paint Name,F,16,
citadel_contrast_creed_camo,Citadel,Creed Camo,Contrast,Green,,Active,Contrast Paint Name,F,17,
citadel_contrast_cygor_brown,Citadel,Cygor Brown,Contrast,Brown,,Active,Contrast Paint Name,F,18,
citadel_contrast_dark_angels_green,Citadel,Dark Angels Green,Contrast,Green,,Active,Contrast Paint Name,F,19,
citadel_contrast_darkoath_flesh,Citadel,Darkoath Flesh,Contrast,Brown,,Active,Contrast Paint Name,F,20,
citadel_contrast_doomfire_magenta,Citadel,Doomfire Magenta,Contrast,Pink,,Active,Contrast Paint Name,F,21,
citadel_contrast_dreadful_visage,Citadel,Dreadful Visage,Contrast,Purple,,Active,Contrast Paint Name,F,22,
citadel_contrast_flesh_tearers_red,Citadel,Flesh Tearers Red,Contrast,Red,,Active,Contrast Paint Name,F,23,
citadel_contrast_frostheart,Citadel,Frostheart,Contrast,Blue,,Active,Contrast Paint Name,F,24,
citadel_contrast_fyreslayer_flesh,Citadel,Fyreslayer Flesh,Contrast,Brown,,Active,Contrast Paint Name,F,25,
citadel_contrast_garaghak_s_sewer,Citadel,Garaghak's Sewer,Contrast,Brown,,Active,Contrast Paint Name,F,26,
citadel_contrast_gore_grunta_fur,Citadel,Gore-Grunta Fur,Contrast,Brown,,Active,Contrast Paint Name,F,27,
citadel_contrast_gryph_charger_grey,Citadel,Gryph-Charger Grey,Contrast,Black and Grey,,Active,Contrast Paint Name,F,28,
citadel_contrast_gryph_hound_orange,Citadel,Gryph-Hound Orange,Contrast,Orange,,Active,Contrast Paint Name,F,29,
citadel_contrast_guilliman_flesh,Citadel,Guilliman Flesh,Contrast,Brown,,Active,Contrast Paint Name,F,30,
citadel_contrast_gutrippa_flesh,Citadel,Gutrippa Flesh,Contrast,Brown,,Active,Contrast Paint Name,F,31,
citadel_contrast_imperial_fist,Citadel,Imperial Fist,Contrast,Yellow,,Active,Contrast Paint Name,F,32,
citadel_contrast_ironjawz_yellow,Citadel,Ironjawz Yellow,Contrast,Yellow,,Active,Contrast Paint Name,G,3,
citadel_contrast_iyanden_yellow,Citadel,Iyanden Yellow,Contrast,Yellow,,Active,Contrast Paint Name,G,4,
citadel_contrast_karandras_green,Citadel,Karandras Green,Contrast,Green,,Active,Contrast Paint Name,G,5,
citadel_contrast_kroxigor_scales,Citadel,Kroxigor Scales,Contrast,Blue-Green,,Active,Contrast Paint Name,G,6,
citadel_contrast_leviadon_blue,Citadel,Leviadon Blue,Contrast,Blue,,Active,Contrast Paint Name,G,7,
citadel_contrast_leviathan_purple,Citadel,Leviathan Purple,Contrast,Purple,,Active,Contrast Paint Name,G,8,
citadel_contrast_luxion_purple,Citadel,Luxion Purple,Contrast,Purple,,Active,Contrast Paint Name,G,9,
citadel_contrast_magmadroth_flame,Citadel,Magmadroth Flame,Contrast,Orange,,Active,Contrast Paint Name,G,10,
citadel_contrast_magos_purple,Citadel,Magos Purple,Contrast,Purple,,Active,Contrast Paint Name,G,11,
citadel_contrast_mantis_warriors_green,Citadel,Mantis Warriors Green,Contrast,Green,,Active,Contrast Paint Name,G,12,
citadel_contrast_militarum_green,Citadel,Militarum Green,Contrast,Green,,Active,Contrast Paint Name,G,13,
citadel_contrast_nazdreg_yellow,Citadel,Nazdreg Yellow,Contrast,Yellow,,Active,Contrast Paint Name,G,14,
citadel_contrast_nighthaunt_gloom,Citadel,Nighthaunt Gloom,Contrast,Blue,#798D96,Active,Contrast Paint Name,G,15,
citadel_contrast_ork_flesh,Citadel,Ork Flesh,Contrast,Brown,,Active,Contrast Paint Name,G,16,
citadel_contrast_plaguebearer_flesh,Citadel,Plaguebearer Flesh,Contrast,Brown,,Active,Contrast Paint Name,G,17,
citadel_contrast_pylar_glacier,Citadel,Pylar Glacier,Contrast,Blue,,Active,Contrast Paint Name,G,18,
citadel_contrast_ratling_grime,Citadel,Ratling Grime,Contrast,Brown,,Active,Contrast Paint Name,G,19,
citadel_contrast_shyish_purple,Citadel,Shyish Purple,Contrast,Purple,,Active,Contrast Paint Name,G,20,
citadel_contrast_sigvald_burgundy,Citadel,Sigvald Burgundy,Contrast,Red,,Active,Contrast Paint Name,G,21,
citadel_contrast_skeleton_horde,Citadel,Skeleton Horde,Contrast,Brown,,Active,Contrast Paint Name,G,22,
citadel_contrast_snakebite_leather,Citadel,Snakebite Leather,Contrast,Brown,,Active,Contrast Paint Name,G,23,
citadel_contrast_space_wolves_grey,Citadel,Space Wolves Grey,Contrast,Black and Grey,,Active,Contrast Paint Name,G,24,
citadel_contrast_stormfiend,Citadel,Stormfiend,Contrast,Blue,,Active,Contrast Paint Name,G,25,
citadel_contrast_striking_scorpion_green,Citadel,Striking Scorpion Green,Contrast,Green,,Active,Contrast Paint Name,G,26,
citadel_contrast_talassar_blue,Citadel,Talassar Blue,Contrast,Blue,,Active,Contrast Paint Name,G,27,
citadel_contrast_terradon_turquoise,Citadel,Terradon Turquoise,Contrast,Blue-Green,,Active,Contrast Paint Name,G,28,
citadel_contrast_ultramarines_blue,Citadel,Ultramarines Blue,Contrast,Blue,,Active,Contrast Paint Name,G,29,
citadel_contrast_volupus_pink,Citadel,Volupus Pink,Contrast,Pink,,Active,Contrast Paint Name,G,30,
citadel_contrast_warp_lightning,Citadel,Warp Lightning,Contrast,Green,,Active,Contrast Paint Name,G,31,
citadel_contrast_wyldwood,Citadel,Wyldwood,Contrast,Brown,,Active,Contrast Paint Name,G,32,
citadel_dry_astorath_red,Citadel,Astorath Red,Dry,Red,#962F28,Active,Dry Paints Name,J,3,
citadel_dry_changeling_pink,Citadel,Changeling Pink,Dry,Pink,#F4AFCE,Active,Dry Paints Name,J,4,
citadel_dry_chronus_blue,Citadel,Chronus Blue,Dry,Blue,#6E97CF,Active,Dry Paints Name,J,5,
citadel_dry_dawnstone,Citadel,Dawnstone,Dry,Black and Grey,#70756E,Active,Dry Paints Name,J,6,
citadel_dry_eldar_flesh,Citadel,Eldar Flesh,Dry,Brown,#EDC184,Active,Dry Paints Name,J,7,
citadel_dry_etherium_blue,Citadel,Etherium Blue,Dry,Blue,#A1B9D1,Active,Dry Paints Name,J,8,
citadel_dry_golden_griffon,Citadel,Golden Griffon,Dry,Gold,#C6B791,Active,Dry Paints Name,J,9,
citadel_dry_golgfag_brown,Citadel,Golgfag Brown,Dry,Brown,#8B5435,Active,Dry Paints Name,J,10,
citadel_dry_hellion_green,Citadel,Hellion Green,Dry,Green,#83C3A9,Active,Dry Paints Name,J,11,
citadel_dry_hexos_palesun,Citadel,Hexos Palesun,Dry,Yellow,#F1DCA3,Active,Dry Paints Name,J,12,
citadel_dry_hoeth_blue,Citadel,Hoeth Blue,Dry,Blue,#4C7FB4,Active,Dry Paints Name,J,13,
citadel_dry_imrik_blue,Citadel,Imrik Blue,Dry,Blue,#4F8DBE,Active,Dry Paints Name,J,14,
citadel_dry_kindleflame,Citadel,Kindleflame,Dry,Orange,#EFB494,Active,Dry Paints Name,J,15,
citadel_dry_longbeard_grey,Citadel,Longbeard Grey,Dry,Black and Grey,#B4AEAE,Active,Dry Paints Name,J,16,
citadel_dry_lucius_lilac,Citadel,Lucius Lilac,Dry,Purple,#B69FCB,Active,Dry Paints Name,J,17,
citadel_dry_necron_compound,Citadel,Necron Compound,Dry,Silver,#B1B5B8,Active,Dry Paints Name,J,18,
citadel_dry_niblet_green,Citadel,Niblet Green,Dry,Green,#648B32,Active,Dry Paints Name,J,19,
citadel_dry_nurgling_green,Citadel,Nurgling Green,Dry,Green,#849B63,Active,Dry Paints Name,J,20,
citadel_dry_praxeti_white,Citadel,Praxeti White,Dry,White,#FFFFFF,Active,Dry Paints Name,J,21,
citadel_dry_ryza_rust,Citadel,Ryza Rust,Dry,Orange,#CE6426,Active,Dry Paints Name,J,22,
citadel_dry_sigmarite,Citadel,Sigmarite,Dry,Brass,#DAC38D,Active,Dry Paints Name,J,23,
citadel_dry_skink_blue,Citadel,Skink Blue,Dry,Blue,#59C1CE,Active,Dry Paints Name,J,24,
citadel_dry_slaanesh_grey,Citadel,Slaanesh Grey,Dry,Black and Grey,#8E8C97,Active,Dry Paints Name,J,25,
citadel_dry_stormfang,Citadel,Stormfang,Dry,Blue,#7188AA,Active,Dry Paints Name,J,26,
citadel_dry_sylvaneth_bark,Citadel,Sylvaneth Bark,Dry,Brown,#5A5140,Active,Dry Paints Name,J,27,
citadel_dry_terminatus_stone,Citadel,Terminatus Stone,Dry,Black and Grey,#BDAA9B,Active,Dry Paints Name,J,28,
citadel_dry_thunderhawk_blue,Citadel,Thunderhawk Blue,Dry,Blue-Green,#417175,Active,Dry Paints Name,J,29,
citadel_dry_tyrant_skull,Citadel,Tyrant Skull,Dry,Brown,#C6AF8B,Active,Dry Paints Name,J,30,
citadel_dry_underhive_ash,Citadel,Underhive Ash,Dry,Brown,#BFBD80,Active,Dry Paints Name,J,31,
citadel_dry_verminlord_hide,Citadel,Verminlord Hide,Dry,Brown,#773A37,Active,Dry Paints Name,J,32,
citadel_dry_wrack_white,Citadel,Wrack White,Dry,White,#DEDAD9,Active,Dry Paints Name,J,33,
citadel_layer_administratum_grey,Citadel,Administratum Grey,Layer,Black and Grey,#949B94,Active,Layer Paint Name,C,3,
citadel_layer_ahriman_blue,Citadel,Ahriman Blue,Layer,Blue,#00A5B9,Active,Layer Paint Name,C,4,
citadel_layer_alaitoc_blue,Citadel,Alaitoc Blue,Layer,Blue,#295788,Active,Layer Paint Name,C,5,
citadel_layer_altdorf_guard_blue,Citadel,Altdorf Guard Blue,Layer,Blue,#1F56A8,Active,Layer Paint Name,C,6,
citadel_layer_auric_armour_gold,Citadel,Auric Armour Gold,Layer,Gold,#E9C278,Active,Layer Paint Name,C,7,
citadel_layer_baharroth_blue,Citadel,Baharroth Blue,Layer,Blue,#78C4C7,Active,Layer Paint Name,C,8,
citadel_layer_balor_brown,Citadel,Balor Brown,Layer,Brown,#8B5910,Active,Layer Paint Name,C,9,
citadel_layer_baneblade_brown,Citadel,Baneblade Brown,Layer,Brown,#927F6E,Active,Layer Paint Name,C,10,
citadel_layer_bestigor_flesh,Citadel,Bestigor Flesh,Layer,Brown,#D28B57,Active,Layer Paint Name,C,11,
citadel_layer_bloodreaver_flesh,Citadel,Bloodreaver Flesh,Layer,Brown,,Active,Layer Paint Name,C,12,
citadel_layer_blue_horror,Citadel,Blue Horror,Layer,Blue,#A2BAD2,Active,Layer Paint Name,C,13,
citadel_layer_brass_scorpion,Citadel,Brass Scorpion,Layer,Brass,#B7895F,Active,Layer Paint Name,C,14,
citadel_layer_cadian_fleshtone,Citadel,Cadian Fleshtone,Layer,Brown,#C87958,Active,Layer Paint Name,C,15,
citadel_layer_calgar_blue,Citadel,Calgar Blue,Layer,Blue,#4273B8,Active,Layer Paint Name,C,16,
citadel_layer_canoptek_alloy,Citadel,Canoptek Alloy,Layer,Silver,,Active,Layer Paint Name,C,17,
citadel_layer_castellax_bronze,Citadel,Castellax Bronze,Layer,Bronze,,Active,Layer Paint Name,C,18,
citadel_layer_dark_reaper,Citadel,Dark Reaper,Layer,Purple,#3C5051,Active,Layer Paint Name,C,19,
citadel_layer_dawnstone,Citadel,Dawnstone,Layer,Black and Grey,#70756E,Active,Layer Paint Name,C,20,
citadel_layer_deathclaw_brown,Citadel,Deathclaw Brown,Layer,Brown,#B36853,Active,Layer Paint Name,C,21,
citadel_layer_dechala_lilac,Citadel,Dechala Lilac,Layer,Purple,#B59ECC,Active,Layer Paint Name,C,22,
citadel_layer_deepkin_flesh,Citadel,Deepkin Flesh,Layer,Brown,#D2D4C7,Active,Layer Paint Name,C,23,
citadel_layer_doombull_brown,Citadel,Doombull Brown,Layer,Brown,#5D000A,Active,Layer Paint Name,C,24,
citadel_layer_dorn_yellow,Citadel,Dorn Yellow,Layer,Yellow,#E3D28C,Active,Layer Paint Name,C,25,
citadel_layer_elysian_green,Citadel,Elysian Green,Layer,Green,#758E3A,Active,Layer Paint Name,C,26,
citadel_layer_emperor_s_children,Citadel,Emperor's Children,Layer,Pink,#B94278,Active,Layer Paint Name,C,27,
citadel_layer_eshin_grey,Citadel,Eshin Grey,Layer,Black and Grey,#4A4F53,Active,Layer Paint Name,C,28,
citadel_layer_evil_sunz_scarlet,Citadel,Evil Sunz Scarlet,Layer,Red,#C21920,Active,Layer Paint Name,C,29,
citadel_layer_fenrisian_grey,Citadel,Fenrisian Grey,Layer,Black and Grey,#709CB7,Active,Layer Paint Name,C,30,
citadel_layer_fire_dragon_bright,Citadel,Fire Dragon Bright,Layer,Orange,#F58651,Active,Layer Paint Name,C,31,
citadel_layer_flash_gitz_yellow,Citadel,Flash Gitz Yellow,Layer,Yellow,#FFF200,Active,Layer Paint Name,C,32,
citadel_layer_flayed_one_flesh,Citadel,Flayed One Flesh,Layer,Brown,#CBB48B,Active,Layer Paint Name,C,33,
citadel_layer_fulgrim_pink,Citadel,Fulgrim Pink,Layer,Pink,#F4AFCC,Active,Layer Paint Name,D,3,
citadel_layer_fulgurite_copper,Citadel,Fulgurite Copper,Layer,Copper,#BA8F6D,Active,Layer Paint Name,D,4,
citadel_layer_gauss_blaster_green,Citadel,Gauss Blaster Green,Layer,Green,#84C2A9,Active,Layer Paint Name,D,5,
citadel_layer_gehenna_s_gold,Citadel,Gehenna's Gold,Layer,Gold,#D49761,Active,Layer Paint Name,D,6,
citadel_layer_genestealer_purple,Citadel,Genestealer Purple,Layer,Purple,#7761AA,Active,Layer Paint Name,D,7,
citadel_layer_gorthor_brown,Citadel,Gorthor Brown,Layer,Brown,#654641,Active,Layer Paint Name,D,8,
citadel_layer_hashut_copper,Citadel,Hashut Copper,Layer,Copper,#C69169,Active,Layer Paint Name,D,9,
citadel_layer_hoeth_blue,Citadel,Hoeth Blue,Layer,Blue,#4C7FB4,Active,Layer Paint Name,D,10,
citadel_layer_ironbreaker,Citadel,Ironbreaker,Layer,Silver,#94999D,Active,Layer Paint Name,D,11,
citadel_layer_kabalite_green,Citadel,Kabalite Green,Layer,Blue-Green,#028D66,Active,Layer Paint Name,D,12,
citadel_layer_kakophoni_purple,Citadel,Kakophoni Purple,Layer,Purple,,Active,Layer Paint Name,D,13,
citadel_layer_karak_stone,Citadel,Karak Stone,Layer,Brown,#BB9662,Active,Layer Paint Name,D,14,
citadel_layer_kislev_flesh,Citadel,Kislev Flesh,Layer,Brown,#D6A876,Active,Layer Paint Name,D,15,
citadel_layer_knight_questor_flesh,Citadel,Knight-Questor Flesh,Layer,Brown,,Active,Layer Paint Name,D,16,
citadel_layer_krieg_khaki,Citadel,Krieg Khaki,Layer,Brown,#B7AD78,Active,Layer Paint Name,D,17,
citadel_layer_liberator_gold,Citadel,Liberator Gold,Layer,Gold,#D5C4AA,Active,Layer Paint Name,D,18,
citadel_layer_loren_forest,Citadel,Loren Forest,Layer,Green,#51702D,Active,Layer Paint Name,D,19,
citadel_layer_lothern_blue,Citadel,Lothern Blue,Layer,Blue,#33A2CF,Active,Layer Paint Name,D,20,
citadel_layer_lugganath_orange,Citadel,Lugganath Orange,Layer,Orange,#F89E86,Active,Layer Paint Name,D,21,
citadel_layer_moot_green,Citadel,Moot Green,Layer,Green,#52B246,Active,Layer Paint Name,D,22,
citadel_layer_nurgling_green,Citadel,Nurgling Green,Layer,Green,#849B63,Active,Layer Paint Name,D,23,
citadel_layer_ogryn_camo,Citadel,Ogryn Camo,Layer,Green,#9EA94B,Active,Layer Paint Name,D,24,
citadel_layer_pallid_wych_flesh,Citadel,Pallid Wych Flesh,Layer,Brown,#CDCEBE,Active,Layer Paint Name,D,25,
citadel_layer_phalanx_yellow,Citadel,Phalanx Yellow,Layer,Yellow,,Active,Layer Paint Name,D,26,
citadel_layer_pink_horror,Citadel,Pink Horror,Layer,Pink,#91305D,Active,Layer Paint Name,D,27,
citadel_layer_runefang_steel,Citadel,Runefang Steel,Layer,Silver,#C6CBD0,Active,Layer Paint Name,D,28,
citadel_layer_russ_grey,Citadel,Russ Grey,Layer,Black and Grey,#547588,Active,Layer Paint Name,D,29,
citadel_layer_screaming_skull,Citadel,Screaming Skull,Layer,Brown,#D4D3A3,Active,Layer Paint Name,D,30,
citadel_layer_skarsnik_green,Citadel,Skarsnik Green,Layer,Green,#5F936F,Active,Layer Paint Name,D,31,
citadel_layer_skavenblight_dinge,Citadel,Skavenblight Dinge,Layer,Black and Grey,#48413B,Active,Layer Paint Name,D,32,
citadel_layer_skrag_brown,Citadel,Skrag Brown,Layer,Brown,#904A0F,Active,Layer Paint Name,D,33,
citadel_layer_skullcrusher_brass,Citadel,Skullcrusher Brass,Layer,Brass,#E9C58B,Active,Layer Paint Name,E,3,
citadel_layer_slaanesh_grey,Citadel,Slaanesh Grey,Layer,Black and Grey,#8E8C97,Active,Layer Paint Name,E,4,
citadel_layer_sons_of_horus_green,Citadel,Sons of Horus Green,Layer,Green,,Active,Layer Paint Name,E,5,
citadel_layer_sotek_green,Citadel,Sotek Green,Layer,Blue-Green,#0C6A74,Active,Layer Paint Name,E,6,
citadel_layer_squig_orange,Citadel,Squig Orange,Layer,Orange,#A94F44,Active,Layer Paint Name,E,7,
citadel_layer_stormhost_silver,Citadel,Stormhost Silver,Layer,Silver,#D1D2D4,Active,Layer Paint Name,E,8,
citadel_layer_stormvermin_fur,Citadel,Stormvermin Fur,Layer,Brown,#736C66,Active,Layer Paint Name,E,9,
citadel_layer_straken_green,Citadel,Straken Green,Layer,Green,#628026,Active,Layer Paint Name,E,10,
citadel_layer_sybarite_green,Citadel,Sybarite Green,Layer,Green,#30A66C,Active,Layer Paint Name,E,11,
citadel_layer_sycorax_bronze,Citadel,Sycorax Bronze,Layer,Bronze,#CBB394,Active,Layer Paint Name,E,12,
citadel_layer_tallarn_sand,Citadel,Tallarn Sand,Layer,Brown,#A67610,Active,Layer Paint Name,E,13,
citadel_layer_tau_light_ochre,Citadel,Tau Light Ochre,Layer,Brown,#BF6E1D,Active,Layer Paint Name,E,14,
citadel_layer_teclis_blue,Citadel,Teclis Blue,Layer,Blue,#317FC1,Active,Layer Paint Name,E,15,
citadel_layer_temple_guard_blue,Citadel,Temple Guard Blue,Layer,Blue-Green,#329B8D,Active,Layer Paint Name,E,16,
citadel_layer_thunderhawk_blue,Citadel,Thunderhawk Blue,Layer,Blue-Green,#417175,Active,Layer Paint Name,E,17,
citadel_layer_troll_slayer_orange,Citadel,Troll Slayer Orange,Layer,Orange,#F46C2E,Active,Layer Paint Name,E,18,
citadel_layer_tuskgor_fur,Citadel,Tuskgor Fur,Layer,Brown,#883736,Active,Layer Paint Name,E,19,
citadel_layer_ulthuan_grey,Citadel,Ulthuan Grey,Layer,Black and Grey,#C7E0DA,Active,Layer Paint Name,E,20,
citadel_layer_ungor_flesh,Citadel,Ungor Flesh,Layer,Brown,#D7A767,Active,Layer Paint Name,E,21,
citadel_layer_ushabti_bone,Citadel,Ushabti Bone,Layer,Brown,#BCBC80,Active,Layer Paint Name,E,22,
citadel_layer_vulkan_green,Citadel,Vulkan Green,Layer,Green,,Active,Layer Paint Name,E,23,
citadel_layer_warboss_green,Citadel,Warboss Green,Layer,Blue-Green,#3E7F5D,Active,Layer Paint Name,E,24,
citadel_layer_warpfiend_grey,Citadel,Warpfiend Grey,Layer,Black and Grey,#6C6A75,Active,Layer Paint Name,E,25,
citadel_layer_warpstone_glow,Citadel,Warpstone Glow,Layer,Green,#1E7332,Active,Layer Paint Name,E,26,
citadel_layer_wazdakka_red,Citadel,Wazdakka Red,Layer,Red,#8C0A0C,Active,Layer Paint Name,E,27,
citadel_layer_white_scar,Citadel,White Scar,Layer,White,#FFFFFF,Active,Layer Paint Name,E,28,
citadel_layer_wild_rider_red,Citadel,Wild Rider Red,Layer,Red,#EB2E28,Active,Layer Paint Name,E,29,
citadel_layer_word_bearers_red,Citadel,Word Bearers Red,Layer,Red,,Active,Layer Paint Name,E,30,
citadel_layer_xereus_purple,Citadel,Xereus Purple,Layer,Purple,#471F5E,Active,Layer Paint Name,E,31,
citadel_layer_yriel_yellow,Citadel,Yriel Yellow,Layer,Yellow,#FFDB01,Active,Layer Paint Name,E,32,
citadel_layer_zamesi_desert,Citadel,Zamesi Desert,Layer,Brown,#DCA026,Active,Layer Paint Name,E,33,
citadel_shade_agrax_earthshade,Citadel,Agrax Earthshade,Shade,Brown,#5A543C,Active,Shade Paints Name,H,3,
citadel_shade_athonian_camoshade,Citadel,Athonian Camoshade,Shade,Green,#798C3D,Active,Shade Paints Name,H,4,
citadel_shade_berserker_bloodshade,Citadel,Berserker Bloodshade,Shade,Red,,Active,Shade Paints Name,H,5,
citadel_shade_biel_tan_green,Citadel,Biel-Tan Green,Shade,Green,#479259,Active,Shade Paints Name,H,6,
citadel_shade_carroburg_crimson,Citadel,Carroburg Crimson,Shade,Red,#9A4073,Active,Shade Paints Name,H,7,
citadel_shade_casandora_yellow,Citadel,Casandora Yellow,Shade,Yellow,#F1CB4E,Active,Shade Paints Name,H,8,
citadel_shade_coelia_greenshade,Citadel,Coelia Greenshade,Shade,Blue-Green,#4A7F79,Active,Shade Paints Name,H,9,
citadel_shade_cryptek_armourshade_gloss,Citadel,Cryptek Armourshade Gloss,Shade,Brown,,Active,Shade Paints Name,H,10,
citadel_shade_drakenhof_nightshade,Citadel,Drakenhof Nightshade,Shade,Blue,#3B5997,Active,Shade Paints Name,H,11,
citadel_shade_druchii_violet,Citadel,Druchii Violet,Shade,Purple,#6A397B,Active,Shade Paints Name,H,12,
citadel_shade_fuegan_orange,Citadel,Fuegan Orange,Shade,Orange,#AD6E38,Active,Shade Paints Name,H,13,
citadel_shade_kroak_green,Citadel,Kroak Green,Shade,Green,,Active,Shade Paints Name,H,14,
citadel_shade_mortarion_grime,Citadel,Mortarion Grime,Shade,Brown,,Active,Shade Paints Name,H,15,
citadel_shade_nuln_oil,Citadel,Nuln Oil,Shade,Black and Grey,#151203,Active,Shade Paints Name,H,16,
citadel_shade_poxwalker,Citadel,Poxwalker,Shade,Green,,Active,Shade Paints Name,H,17,
citadel_shade_reikland_fleshshade,Citadel,Reikland Fleshshade,Shade,Brown,#A34529,Active,Shade Paints Name,H,18,
citadel_shade_seraphim_sepia,Citadel,Seraphim Sepia,Shade,Brown,#BF793E,Active,Shade Paints Name,H,19,
citadel_shade_soulblight_grey,Citadel,Soulblight Grey,Shade,Black and Grey,,Active,Shade Paints Name,H,20,
citadel_shade_targor_rageshade,Citadel,Targor Rageshade,Shade,Red,,Active,Shade Paints Name,H,21,
citadel_shade_tyran_blue,Citadel,Tyran Blue,Shade,Blue,,Active,Shade Paints Name,H,22,
citadel_technical_agrellan_badland,Citadel,Agrellan Badland,Technical,Brown,#A17359,Active,Technical Paint Name,I,3,
citadel_technical_agrellan_earth,Citadel,Agrellan Earth,Technical,Brown,#92816D,Active,Technical Paint Name,I,4,
citadel_technical_ardcoat,Citadel,Ardcoat,Technical,,,Active,Technical Paint Name,I,5,
citadel_technical_armageddon_dunes,Citadel,Armageddon Dunes,Technical,Brown,#FCAF09,Discontinued,Discontinued Technical,I,26,Listed under discontinued technical section; Source suffix D
citadel_technical_armageddon_dust,Citadel,Armageddon Dust,Technical,Brown,#CBAD0D,Active,Technical Paint Name,I,6,
citadel_technical_armageddon_dust_2,Citadel,Armageddon Dust,Technical,Brown,#CBAD0D,Reformulated,Discontinued Texture/Reformulated,H,25,Listed under discontinued/reformulated texture section; Source suffix RFT
citadel_technical_astrogranite,Citadel,Astrogranite,Technical,Black and Grey,#787878,Active,Technical Paint Name,I,7,
citadel_technical_astrogranite_2,Citadel,Astrogranite,Technical,Black and Grey,#787878,Reformulated,Discontinued Texture/Reformulated,H,26,Listed under discontinued/reformulated texture section; Source suffix RFT
citadel_technical_astrogranite_debris,Citadel,Astrogranite Debris,Technical,Black and Grey,#77726E,Discontinued,Discontinued Technical,I,27,Listed under discontinued technical section; Source suffix D
citadel_technical_blackfire_earth,Citadel,Blackfire Earth,Technical,Brown,#F8902F,Discontinued Texture,Discontinued Texture/Reformulated,H,27,Listed under discontinued/reformulated texture section; Source suffix DTX
citadel_technical_blood_for_the_blood_god,Citadel,Blood For The Blood God,Technical,Red,#581011,Active,Technical Paint Name,I,8,
citadel_technical_contrast_medium,Citadel,Contrast Medium,Technical,,,Active,Technical Paint Name,I,9,
citadel_contrast_hexwraith_flame,Citadel,Contrast Medium,Contrast,Green,#00AA5C,Active,Contrast Paint Name,K,,
citadel_technical_hexwraith_flame,Citadel,Hexwraith Flame,Contrast,Green,#00AA5C,Reformulated,Technical Paint Name,I,10,Formerly Technical; current Citadel classification is Contrast.
citadel_technical_lahmian_medium,Citadel,Lahmian Medium,Technical,,,Active,Technical Paint Name,I,11,
citadel_technical_lustrian_undergrowth,Citadel,Lustrian Undergrowth,Technical,Green,#709811,Discontinued Texture,Discontinued Texture/Reformulated,H,28,Listed under discontinued/reformulated texture section; Source suffix DTX
citadel_technical_martian_ironcrust,Citadel,Martian Ironcrust,Technical,Red,#F5945D,Active,Technical Paint Name,I,12,
citadel_technical_martian_ironearth,Citadel,Martian Ironearth,Technical,Red,#935442,Discontinued,Discontinued Technical,I,28,Listed under discontinued technical section; Source suffix D
citadel_technical_mordant_earth,Citadel,Mordant Earth,Technical,Brown,,Active,Technical Paint Name,I,13,
citadel_technical_mourn_mountian_snow,Citadel,Mourn Mountian Snow,Technical,White,,Discontinued Texture,Discontinued Texture/Reformulated,H,29,Listed under discontinued/reformulated texture section; Source suffix DTX
citadel_technical_nihilakh_oxide,Citadel,Nihilakh Oxide,Technical,Green,#85B59D,Active,Technical Paint Name,I,14,
citadel_technical_nurgles_rot,Citadel,Nurgles Rot,Technical,Green,,Active,Technical Paint Name,I,15,
citadel_technical_soulstone_blue,Citadel,Soulstone Blue,Technical,Blue,#294C86,Active,Technical Paint Name,I,16,
citadel_technical_spiritstone_red,Citadel,Spiritstone Red,Technical,Red,#FD5D3D,Active,Technical Paint Name,I,17,
citadel_technical_stirland_battlemire,Citadel,Stirland Battlemire,Technical,Brown,#321905,Discontinued,Discontinued Technical,I,29,Listed under discontinued technical section; Source suffix D
citadel_technical_stirland_battlemire_2,Citadel,Stirland Battlemire,Technical,Brown,#321905,Discontinued Texture,Discontinued Texture/Reformulated,H,30,Listed under discontinued/reformulated texture section; Source suffix DT
citadel_technical_stirland_battlemire_3,Citadel,Stirland Battlemire,Technical,Brown,#321905,Reformulated,Discontinued Texture/Reformulated,H,31,Listed under discontinued/reformulated texture section; Source suffix RFT
citadel_technical_stirland_mud,Citadel,Stirland Mud,Technical,Brown,#473300,Active,Technical Paint Name,I,18,
citadel_technical_stirland_mud_2,Citadel,Stirland Mud,Technical,Brown,#473300,Reformulated,Discontinued Texture/Reformulated,H,32,Listed under discontinued/reformulated texture section; Source suffix RFT
citadel_technical_stormshield,Citadel,Stormshield,Technical,,,Active,Technical Paint Name,I,19,
citadel_technical_tesseract_glow,Citadel,Tesseract Glow,Technical,Green,,Active,Technical Paint Name,I,20,
citadel_technical_typhus_corrosion,Citadel,Typhus Corrosion,Technical,Brown,#453F31,Active,Technical Paint Name,I,21,
citadel_technical_valhallan_blizzard,Citadel,Valhallan Blizzard,Technical,White,#FDF9EE,Active,Technical Paint Name,I,22,
citadel_technical_waystone_green,Citadel,Waystone Green,Technical,Blue-Green,#018675,Active,Technical Paint Name,I,23,
