paint_id,brand,paint_name,paint_type,color_family,triad_family,hex,status,source_group,source_column,source_row,notes
citadel_base_abaddon_black,Citadel,Abaddon Black,Base,Black and Grey,Black & Greys,#231F20,Active,Base Paints Name,A,3,Army Painter triad via conversion match: Matt Black
citadel_base_averland_sunset,Citadel,Averland Sunset,Base,Yellow,Yellows,#FCB825,Active,Base Paints Name,A,4,Army Painter triad via conversion match: Fiendish Yellow
citadel_base_balthasar_gold,Citadel,Balthasar Gold,Base,Gold,Metals - Brass,#87542F,Active,Base Paints Name,A,5,Army Painter triad via conversion match: True Copper
citadel_base_barak_nar_burgundy,Citadel,Barak-Nar Burgundy,Base,Red,Desaturated Violets,,Active,Base Paints Name,A,6,Army Painter triad via conversion match: Moldy Wine
citadel_base_bugman_s_glow,Citadel,Bugman's Glow,Base,Brown,Ruddy Browns,#845045,Active,Base Paints Name,A,7,Army Painter triad via conversion match: Ruddy Umber
citadel_base_caledor_sky,Citadel,Caledor Sky,Base,Blue,Vivid Blues,#396F9E,Active,Base Paints Name,A,8,Army Painter triad via conversion match: Regal Blue
citadel_base_caliban_green,Citadel,Caliban Green,Base,Green,Deep Greens,#00401E,Active,Base Paints Name,A,9,Army Painter triad via conversion match: Angel Green
citadel_base_castellan_green,Citadel,Castellan Green,Base,Green,Deep Greens,#304921,Active,Base Paints Name,A,10,Army Painter triad via conversion match: Guardian Green
citadel_base_catachan_flesh,Citadel,Catachan Flesh,Base,Brown,Deep Skin Tones,,Active,Base Paints Name,A,11,
citadel_base_celestra_grey,Citadel,Celestra Grey,Base,Black and Grey,Black & Greys,#90A8A8,Active,Base Paints Name,A,12,
citadel_base_corax_white,Citadel,Corax White,Base,White,Black & Greys,#FFFFFF,Active,Base Paints Name,A,13,Army Painter triad via conversion match: Brigade Grey
citadel_base_corvus_black,Citadel,Corvus Black,Base,Black and Grey,,,Active,Base Paints Name,A,14,
citadel_base_daemonette_hide,Citadel,Daemonette Hide,Base,Purple,Purples,#696685,Active,Base Paints Name,A,15,Army Painter triad via conversion match: Hexed Violet
citadel_base_death_guard_green,Citadel,Death Guard Green,Base,Green,Olive Greens,#9C9171,Active,Base Paints Name,A,16,Army Painter triad via conversion match: Camouflage Green
citadel_base_death_korps_drab,Citadel,Death Korps Drab,Base,Green,Olive Greens,,Active,Base Paints Name,A,17,
citadel_base_deathworld_forest,Citadel,Deathworld Forest,Base,Brown,Olive Greens,#5D6732,Active,Base Paints Name,A,18,Army Painter triad via conversion match: Woodland Camo
citadel_base_dryad_bark,Citadel,Dryad Bark,Base,Brown,Deep Skin Tones,#34312C,Active,Base Paints Name,A,19,Army Painter triad via conversion match: Obsidian Skin
citadel_base_gal_vorbak_red,Citadel,Gal Vorbak Red,Base,Red,Desaturated Violets,,Active,Base Paints Name,A,20,Army Painter triad via conversion match: Mulled Berry
citadel_base_grey_knights_steel,Citadel,Grey Knights Steel,Base,Black and Grey,Metals - Silver,,Active,Base Paints Name,A,21,Army Painter triad via conversion match: Cobalt Metal
citadel_base_grey_seer,Citadel,Grey Seer,Base,Black and Grey,Black & Greys,,Active,Base Paints Name,A,22,Army Painter triad via conversion match: Company Grey
citadel_base_hobgrot_hide,Citadel,Hobgrot Hide,Base,Brown,Ochres & Tans,,Active,Base Paints Name,A,23,Army Painter triad via conversion match: Desert Yellow
citadel_base_incubi_darkness,Citadel,Incubi Darkness,Base,Blue-Green,Teals,#0B4849,Active,Base Paints Name,A,24,Army Painter triad via conversion match: Scarab Green
citadel_base_ionrach_skin,Citadel,Ionrach Skin,Base,Green,Desaturated Cool Greens,,Active,Base Paints Name,A,25,
citadel_base_iron_hands_steel,Citadel,Iron Hands Steel,Base,Silver,Metals - Silver,,Active,Base Paints Name,A,26,Army Painter triad via conversion match: Death Metal
citadel_base_iron_warriors,Citadel,Iron Warriors,Base,Silver,Metals - Silver,,Active,Base Paints Name,A,27,
citadel_base_jokaero_orange,Citadel,Jokaero Orange,Base,Red,Warm Reds,#EE3823,Active,Base Paints Name,A,28,
citadel_base_kantor_blue,Citadel,Kantor Blue,Base,Blue,Strong Pale Blues,#002051,Active,Base Paints Name,A,29,Army Painter triad via conversion match: Triumphant Navy
citadel_base_khorne_red,Citadel,Khorne Red,Base,Red,Warm Reds,#6A0002,Active,Base Paints Name,A,30,Army Painter triad via conversion match: Resplendent Red
citadel_base_leadbelcher,Citadel,Leadbelcher,Base,Silver,Metals - Silver,#475659,Active,Base Paints Name,A,31,Army Painter triad via conversion match: Gun Metal
citadel_base_lupercal_green,Citadel,Lupercal Green,Base,Green,,,Active,Base Paints Name,B,3,
citadel_base_macragge_blue,Citadel,Macragge Blue,Base,Blue,Desaturated Blue-Greys,#0D407F,Active,Base Paints Name,B,4,Army Painter triad via conversion match: Stratos Blue
citadel_base_mechanicus_std_grey,Citadel,Mechanicus Std Grey,Base,Black and Grey,,,Active,Base Paints Name,B,5,
citadel_base_mephiston_red,Citadel,Mephiston Red,Base,Red,Cool Reds,#991115,Active,Base Paints Name,B,6,Army Painter triad via conversion match: Dragon Red
citadel_base_morghast_bone,Citadel,Morghast Bone,Base,Brown,,,Active,Base Paints Name,B,8,
citadel_base_mournfang_brown,Citadel,Mournfang Brown,Base,Brown,Browns,#650A09,Active,Base Paints Name,B,10,Army Painter triad via conversion match: Leather Brown
citadel_base_naggaroth_night,Citadel,Naggaroth Night,Base,Purple,Purples,#3E3355,Active,Base Paints Name,B,7,Army Painter triad via conversion match: Terrestrial Titan
citadel_base_night_lords_blue,Citadel,Night Lords Blue,Base,Blue,Vivid Blues,,Active,Base Paints Name,B,9,Army Painter triad via conversion match: Imperial Navy
citadel_base_nocturne_green,Citadel,Nocturne Green,Base,Green,,,Active,Base Paints Name,B,11,
citadel_base_orruk_flesh,Citadel,Orruk Flesh,Base,Brown,,,Active,Base Paints Name,B,12,
citadel_base_phoenician_purple,Citadel,Phoenician Purple,Base,Purple,Magentas,,Active,Base Paints Name,B,13,Army Painter triad via conversion match: Diabolic Plum
citadel_base_rakarth_flesh,Citadel,Rakarth Flesh,Base,Brown,,#A29E92,Active,Base Paints Name,B,14,
citadel_base_ratskin_flesh,Citadel,Ratskin Flesh,Base,Brown,Rose Skin Tones,#AE6B4E,Active,Base Paints Name,B,15,Army Painter triad via conversion match: Opal Skin
citadel_base_retributor_armour,Citadel,Retributor Armour,Base,Gold,,#CEAE65,Active,Base Paints Name,B,16,
citadel_base_rhinox_hide,Citadel,Rhinox Hide,Base,Brown,,#493335,Active,Base Paints Name,B,17,
citadel_base_runelord_brass,Citadel,Runelord Brass,Base,Brass,,#BCAFA0,Active,Base Paints Name,B,18,
citadel_base_screamer_pink,Citadel,Screamer Pink,Base,Pink,Desaturated Violets,#7C1645,Active,Base Paints Name,B,19,Army Painter triad via conversion match: Moldy Wine
citadel_base_screaming_bell,Citadel,Screaming Bell,Base,Bronze,,#B3562B,Active,Base Paints Name,B,20,
citadel_base_steel_legion_drab,Citadel,Steel Legion Drab,Base,Brown,Ochres & Tans,#5F5134,Active,Base Paints Name,B,21,Army Painter triad via conversion match: Wasteland Clay
citadel_base_stegadon_scale_green,Citadel,Stegadon Scale Green,Base,Blue-Green,,#074864,Active,Base Paints Name,B,22,
citadel_base_the_fang,Citadel,The Fang,Base,Black and Grey,Desaturated Blue-Greys,#436276,Active,Base Paints Name,B,23,Army Painter triad via conversion match: Thunderous Blue
citadel_base_thondia_brown,Citadel,Thondia Brown,Base,Brown,,,Active,Base Paints Name,B,24,
citadel_base_thousand_sons_blue,Citadel,Thousand Sons Blue,Base,Blue,,#18ABCC,Active,Base Paints Name,B,25,
citadel_base_waaagh_flesh,Citadel,Waaagh! Flesh,Base,Green,Olive Greens,#20552B,Active,Base Paints Name,B,28,Army Painter triad via conversion match: Woodland Camo
citadel_base_warplock_bronze,Citadel,Warplock Bronze,Base,Bronze,,#695154,Active,Base Paints Name,B,26,
citadel_base_wraithbone,Citadel,Wraithbone,Base,Brown,Light Neutrals,,Active,Base Paints Name,B,29,Army Painter triad via conversion match: Pale Sand
citadel_base_xv_88,Citadel,XV-88,Base,Brown,,#72481E,Active,Base Paints Name,B,27,
citadel_base_zandri_dust,Citadel,Zandri Dust,Base,Brown,Ochres & Tans,#9E915C,Active,Base Paints Name,B,30,Army Painter triad via conversion match: Desert Yellow
citadel_contrast_aeldari_emerald,Citadel,Aeldari Emerald,Contrast,Green,,,Active,Contrast Paint Name,F,3,
citadel_contrast_aethermatic_blue,Citadel,Aethermatic Blue,Contrast,Blue,,,Active,Contrast Paint Name,F,4,
citadel_contrast_aggaros_dunes,Citadel,Aggaros Dunes,Contrast,Brown,,,Active,Contrast Paint Name,F,5,
citadel_contrast_akhelian_green,Citadel,Akhelian Green,Contrast,Green,,,Active,Contrast Paint Name,F,6,
citadel_contrast_apothecary_white,Citadel,Apothecary White,Contrast,White,,,Active,Contrast Paint Name,F,7,
citadel_contrast_asurmen_blue,Citadel,Asurmen Blue,Contrast,Blue,,,Active,Contrast Paint Name,F,8,
citadel_contrast_baal_red,Citadel,Baal Red,Contrast,Red,,,Active,Contrast Paint Name,F,9,
citadel_contrast_bad_moon_yellow,Citadel,Bad Moon Yellow,Contrast,Yellow,,,Active,Contrast Paint Name,F,10,
citadel_contrast_basilicanum_grey,Citadel,Basilicanum Grey,Contrast,Black and Grey,,,Active,Contrast Paint Name,F,11,
citadel_contrast_black_legion,Citadel,Black Legion,Contrast,Black and Grey,,,Active,Contrast Paint Name,F,12,
citadel_contrast_black_templar,Citadel,Black Templar,Contrast,Black and Grey,,,Active,Contrast Paint Name,F,13,
citadel_contrast_blood_angels_red,Citadel,Blood Angels Red,Contrast,Red,,,Active,Contrast Paint Name,F,14,
citadel_contrast_briar_queen_chill,Citadel,Briar Queen Chill,Contrast,Blue,,,Active,Contrast Paint Name,F,15,
citadel_contrast_celestium_blue,Citadel,Celestium Blue,Contrast,Blue,,,Active,Contrast Paint Name,F,16,
citadel_contrast_creed_camo,Citadel,Creed Camo,Contrast,Green,,,Active,Contrast Paint Name,F,17,
citadel_contrast_cygor_brown,Citadel,Cygor Brown,Contrast,Brown,,,Active,Contrast Paint Name,F,18,
citadel_contrast_dark_angels_green,Citadel,Dark Angels Green,Contrast,Green,Deep Greens,,Active,Contrast Paint Name,F,19,Army Painter triad via conversion match: Angel Green
citadel_contrast_darkoath_flesh,Citadel,Darkoath Flesh,Contrast,Brown,,,Active,Contrast Paint Name,F,20,
citadel_contrast_doomfire_magenta,Citadel,Doomfire Magenta,Contrast,Pink,,,Active,Contrast Paint Name,F,21,
citadel_contrast_dreadful_visage,Citadel,Dreadful Visage,Contrast,Purple,,,Active,Contrast Paint Name,F,22,
citadel_contrast_flesh_tearers_red,Citadel,Flesh Tearers Red,Contrast,Red,,,Active,Contrast Paint Name,F,23,
citadel_contrast_frostheart,Citadel,Frostheart,Contrast,Blue,,,Active,Contrast Paint Name,F,24,
citadel_contrast_fyreslayer_flesh,Citadel,Fyreslayer Flesh,Contrast,Brown,,,Active,Contrast Paint Name,F,25,
citadel_contrast_garaghak_s_sewer,Citadel,Garaghak's Sewer,Contrast,Brown,,,Active,Contrast Paint Name,F,26,
citadel_contrast_gore_grunta_fur,Citadel,Gore-Grunta Fur,Contrast,Brown,,,Active,Contrast Paint Name,F,27,
citadel_contrast_gryph_charger_grey,Citadel,Gryph-Charger Grey,Contrast,Black and Grey,,,Active,Contrast Paint Name,F,28,
citadel_contrast_gryph_hound_orange,Citadel,Gryph-Hound Orange,Contrast,Orange,,,Active,Contrast Paint Name,F,29,
citadel_contrast_guilliman_flesh,Citadel,Guilliman Flesh,Contrast,Brown,,,Active,Contrast Paint Name,F,30,
citadel_contrast_gutrippa_flesh,Citadel,Gutrippa Flesh,Contrast,Brown,,,Active,Contrast Paint Name,F,31,
citadel_contrast_imperial_fist,Citadel,Imperial Fist,Contrast,Yellow,,,Active,Contrast Paint Name,F,32,
citadel_contrast_ironjawz_yellow,Citadel,Ironjawz Yellow,Contrast,Yellow,,,Active,Contrast Paint Name,G,3,
citadel_contrast_iyanden_yellow,Citadel,Iyanden Yellow,Contrast,Yellow,,,Active,Contrast Paint Name,G,4,
citadel_contrast_karandras_green,Citadel,Karandras Green,Contrast,Green,,,Active,Contrast Paint Name,G,5,
citadel_contrast_kroxigor_scales,Citadel,Kroxigor Scales,Contrast,Blue-Green,,,Active,Contrast Paint Name,G,6,
citadel_contrast_leviadon_blue,Citadel,Leviadon Blue,Contrast,Blue,,,Active,Contrast Paint Name,G,7,
citadel_contrast_leviathan_purple,Citadel,Leviathan Purple,Contrast,Purple,,,Active,Contrast Paint Name,G,8,
citadel_contrast_luxion_purple,Citadel,Luxion Purple,Contrast,Purple,,,Active,Contrast Paint Name,G,9,
citadel_contrast_magmadroth_flame,Citadel,Magmadroth Flame,Contrast,Orange,,,Active,Contrast Paint Name,G,10,
citadel_contrast_magos_purple,Citadel,Magos Purple,Contrast,Purple,,,Active,Contrast Paint Name,G,11,
citadel_contrast_mantis_warriors_green,Citadel,Mantis Warriors Green,Contrast,Green,,,Active,Contrast Paint Name,G,12,
citadel_contrast_militarum_green,Citadel,Militarum Green,Contrast,Green,,,Active,Contrast Paint Name,G,13,
citadel_contrast_nazdreg_yellow,Citadel,Nazdreg Yellow,Contrast,Yellow,,,Active,Contrast Paint Name,G,14,
citadel_contrast_nighthaunt_gloom,Citadel,Nighthaunt Gloom,Contrast,Blue,,#798D96,Active,Contrast Paint Name,G,15,
citadel_contrast_ork_flesh,Citadel,Ork Flesh,Contrast,Brown,,,Active,Contrast Paint Name,G,16,
citadel_contrast_plaguebearer_flesh,Citadel,Plaguebearer Flesh,Contrast,Brown,,,Active,Contrast Paint Name,G,17,
citadel_contrast_pylar_glacier,Citadel,Pylar Glacier,Contrast,Blue,,,Active,Contrast Paint Name,G,18,
citadel_contrast_ratling_grime,Citadel,Ratling Grime,Contrast,Brown,,,Active,Contrast Paint Name,G,19,
citadel_contrast_shyish_purple,Citadel,Shyish Purple,Contrast,Purple,,,Active,Contrast Paint Name,G,20,
citadel_contrast_sigvald_burgundy,Citadel,Sigvald Burgundy,Contrast,Red,,,Active,Contrast Paint Name,G,21,
citadel_contrast_skeleton_horde,Citadel,Skeleton Horde,Contrast,Brown,,,Active,Contrast Paint Name,G,22,
citadel_contrast_snakebite_leather,Citadel,Snakebite Leather,Contrast,Brown,,,Active,Contrast Paint Name,G,23,
citadel_contrast_space_wolves_grey,Citadel,Space Wolves Grey,Contrast,Black and Grey,,,Active,Contrast Paint Name,G,24,
citadel_contrast_stormfiend,Citadel,Stormfiend,Contrast,Blue,,,Active,Contrast Paint Name,G,25,
citadel_contrast_striking_scorpion_green,Citadel,Striking Scorpion Green,Contrast,Green,,,Active,Contrast Paint Name,G,26,
citadel_contrast_talassar_blue,Citadel,Talassar Blue,Contrast,Blue,,,Active,Contrast Paint Name,G,27,
citadel_contrast_terradon_turquoise,Citadel,Terradon Turquoise,Contrast,Blue-Green,,,Active,Contrast Paint Name,G,28,
citadel_contrast_ultramarines_blue,Citadel,Ultramarines Blue,Contrast,Blue,,,Active,Contrast Paint Name,G,29,
citadel_contrast_volupus_pink,Citadel,Volupus Pink,Contrast,Pink,,,Active,Contrast Paint Name,G,30,
citadel_contrast_warp_lightning,Citadel,Warp Lightning,Contrast,Green,,,Active,Contrast Paint Name,G,31,
citadel_contrast_wyldwood,Citadel,Wyldwood,Contrast,Brown,,,Active,Contrast Paint Name,G,32,
citadel_dry_astorath_red,Citadel,Astorath Red,Dry,Red,,#962F28,Active,Dry Paints Name,J,3,
citadel_dry_changeling_pink,Citadel,Changeling Pink,Dry,Pink,,#F4AFCE,Active,Dry Paints Name,J,4,
citadel_dry_chronus_blue,Citadel,Chronus Blue,Dry,Blue,,#6E97CF,Active,Dry Paints Name,J,5,
citadel_dry_dawnstone,Citadel,Dawnstone,Dry,Black and Grey,Black & Greys,#70756E,Active,Dry Paints Name,J,6,Army Painter triad via conversion match: Uniform Grey
citadel_dry_eldar_flesh,Citadel,Eldar Flesh,Dry,Brown,,#EDC184,Active,Dry Paints Name,J,7,
citadel_dry_etherium_blue,Citadel,Etherium Blue,Dry,Blue,,#A1B9D1,Active,Dry Paints Name,J,8,
citadel_dry_golden_griffon,Citadel,Golden Griffon,Dry,Gold,,#C6B791,Active,Dry Paints Name,J,9,
citadel_dry_golgfag_brown,Citadel,Golgfag Brown,Dry,Brown,,#8B5435,Active,Dry Paints Name,J,10,
citadel_dry_hellion_green,Citadel,Hellion Green,Dry,Green,,#83C3A9,Active,Dry Paints Name,J,11,
citadel_dry_hexos_palesun,Citadel,Hexos Palesun,Dry,Yellow,,#F1DCA3,Active,Dry Paints Name,J,12,
citadel_dry_hoeth_blue,Citadel,Hoeth Blue,Dry,Blue,Deep Green-Blues,#4C7FB4,Active,Dry Paints Name,J,13,Army Painter triad via conversion match: Aegis Aqua
citadel_dry_imrik_blue,Citadel,Imrik Blue,Dry,Blue,,#4F8DBE,Active,Dry Paints Name,J,14,
citadel_dry_kindleflame,Citadel,Kindleflame,Dry,Orange,,#EFB494,Active,Dry Paints Name,J,15,
citadel_dry_longbeard_grey,Citadel,Longbeard Grey,Dry,Black and Grey,,#B4AEAE,Active,Dry Paints Name,J,16,
citadel_dry_lucius_lilac,Citadel,Lucius Lilac,Dry,Purple,,#B69FCB,Active,Dry Paints Name,J,17,
citadel_dry_necron_compound,Citadel,Necron Compound,Dry,Silver,,#B1B5B8,Active,Dry Paints Name,J,18,
citadel_dry_niblet_green,Citadel,Niblet Green,Dry,Green,,#648B32,Active,Dry Paints Name,J,19,
citadel_dry_nurgling_green,Citadel,Nurgling Green,Dry,Green,Olive Greens,#849B63,Active,Dry Paints Name,J,20,Army Painter triad via conversion match: Necrotic Flesh
citadel_dry_praxeti_white,Citadel,Praxeti White,Dry,White,,#FFFFFF,Active,Dry Paints Name,J,21,
citadel_dry_ryza_rust,Citadel,Ryza Rust,Dry,Orange,,#CE6426,Active,Dry Paints Name,J,22,
citadel_dry_sigmarite,Citadel,Sigmarite,Dry,Brass,,#DAC38D,Active,Dry Paints Name,J,23,
citadel_dry_skink_blue,Citadel,Skink Blue,Dry,Blue,,#59C1CE,Active,Dry Paints Name,J,24,
citadel_dry_slaanesh_grey,Citadel,Slaanesh Grey,Dry,Black and Grey,,#8E8C97,Active,Dry Paints Name,J,25,
citadel_dry_stormfang,Citadel,Stormfang,Dry,Blue,,#7188AA,Active,Dry Paints Name,J,26,
citadel_dry_sylvaneth_bark,Citadel,Sylvaneth Bark,Dry,Brown,,#5A5140,Active,Dry Paints Name,J,27,
citadel_dry_terminatus_stone,Citadel,Terminatus Stone,Dry,Black and Grey,,#BDAA9B,Active,Dry Paints Name,J,28,
citadel_dry_thunderhawk_blue,Citadel,Thunderhawk Blue,Dry,Blue-Green,,#417175,Active,Dry Paints Name,J,29,
citadel_dry_tyrant_skull,Citadel,Tyrant Skull,Dry,Brown,,#C6AF8B,Active,Dry Paints Name,J,30,
citadel_dry_underhive_ash,Citadel,Underhive Ash,Dry,Brown,,#BFBD80,Active,Dry Paints Name,J,31,
citadel_dry_verminlord_hide,Citadel,Verminlord Hide,Dry,Brown,,#773A37,Active,Dry Paints Name,J,32,
citadel_dry_wrack_white,Citadel,Wrack White,Dry,White,,#DEDAD9,Active,Dry Paints Name,J,33,
citadel_layer_administratum_grey,Citadel,Administratum Grey,Layer,Black and Grey,Black & Greys,#949B94,Active,Layer Paint Name,C,3,Army Painter triad via conversion match: Ash Grey
citadel_layer_ahriman_blue,Citadel,Ahriman Blue,Layer,Blue,Deep Green-Blues,#00A5B9,Active,Layer Paint Name,C,4,Army Painter triad via conversion match: Tidal Blue
citadel_layer_alaitoc_blue,Citadel,Alaitoc Blue,Layer,Blue,,#295788,Active,Layer Paint Name,C,5,
citadel_layer_altdorf_guard_blue,Citadel,Altdorf Guard Blue,Layer,Blue,Strong Pale Blues,#1F56A8,Active,Layer Paint Name,C,6,Army Painter triad via conversion match: Ultramarine Blue
citadel_layer_auric_armour_gold,Citadel,Auric Armour Gold,Layer,Gold,Metals - Silver,#E9C278,Active,Layer Paint Name,C,7,Army Painter triad via conversion match: Bright Gold
citadel_layer_baharroth_blue,Citadel,Baharroth Blue,Layer,Blue,Turquoises,#78C4C7,Active,Layer Paint Name,C,8,Army Painter triad via conversion match: Turquoise Siren
citadel_layer_balor_brown,Citadel,Balor Brown,Layer,Brown,Ochres & Tans,#8B5910,Active,Layer Paint Name,C,9,Army Painter triad via conversion match: Wasteland Clay
citadel_layer_baneblade_brown,Citadel,Baneblade Brown,Layer,Brown,Browns,#927F6E,Active,Layer Paint Name,C,10,Army Painter triad via conversion match: Paratrooper Tan
citadel_layer_bestigor_flesh,Citadel,Bestigor Flesh,Layer,Brown,Rose Skin Tones,#D28B57,Active,Layer Paint Name,C,11,Army Painter triad via conversion match: Barbarian Flesh
citadel_layer_bloodreaver_flesh,Citadel,Bloodreaver Flesh,Layer,Brown,,,Active,Layer Paint Name,C,12,
citadel_layer_blue_horror,Citadel,Blue Horror,Layer,Blue,Strong Pale Blues,#A2BAD2,Active,Layer Paint Name,C,13,Army Painter triad via conversion match: Augur Blue
citadel_layer_brass_scorpion,Citadel,Brass Scorpion,Layer,Brass,Metals - Brass,#B7895F,Active,Layer Paint Name,C,14,Army Painter triad via conversion match: Weapon Bronze
citadel_layer_cadian_fleshtone,Citadel,Cadian Fleshtone,Layer,Brown,Rose Skin Tones,#C87958,Active,Layer Paint Name,C,15,Army Painter triad via conversion match: Agate Skin
citadel_layer_calgar_blue,Citadel,Calgar Blue,Layer,Blue,Strong Pale Blues,#4273B8,Active,Layer Paint Name,C,16,Army Painter triad via conversion match: Alpha Blue
citadel_layer_canoptek_alloy,Citadel,Canoptek Alloy,Layer,Silver,,,Active,Layer Paint Name,C,17,
citadel_layer_castellax_bronze,Citadel,Castellax Bronze,Layer,Bronze,,,Active,Layer Paint Name,C,18,
citadel_layer_dark_reaper,Citadel,Dark Reaper,Layer,Purple,Desaturated Blue-Greys,#3C5051,Active,Layer Paint Name,C,19,Army Painter triad via conversion match: Night Sky
citadel_layer_dawnstone,Citadel,Dawnstone,Layer,Black and Grey,Black & Greys,#70756E,Active,Layer Paint Name,C,20,Army Painter triad via conversion match: Uniform Grey
citadel_layer_deathclaw_brown,Citadel,Deathclaw Brown,Layer,Brown,Ruddy Browns,#B36853,Active,Layer Paint Name,C,21,Army Painter triad via conversion match: Buffed Hide
citadel_layer_dechala_lilac,Citadel,Dechala Lilac,Layer,Purple,Purples,#B59ECC,Active,Layer Paint Name,C,22,Army Painter triad via conversion match: Violet Coven
citadel_layer_deepkin_flesh,Citadel,Deepkin Flesh,Layer,Brown,Desaturated Cool Greens,#D2D4C7,Active,Layer Paint Name,C,23,Army Painter triad via conversion match: Mossy green
citadel_layer_doombull_brown,Citadel,Doombull Brown,Layer,Brown,Ruddy Browns,#5D000A,Active,Layer Paint Name,C,24,Army Painter triad via conversion match: Dryad Brown
citadel_layer_dorn_yellow,Citadel,Dorn Yellow,Layer,Yellow,Yellows,#E3D28C,Active,Layer Paint Name,C,25,Army Painter triad via conversion match: Ice Yellow
citadel_layer_elysian_green,Citadel,Elysian Green,Layer,Green,Vibrant Greens,#758E3A,Active,Layer Paint Name,C,26,Army Painter triad via conversion match: Vivid Volt
citadel_layer_emperor_s_children,Citadel,Emperor's Children,Layer,Pink,Pinks,#B94278,Active,Layer Paint Name,C,27,Army Painter triad via conversion match: Pixie Pink
citadel_layer_eshin_grey,Citadel,Eshin Grey,Layer,Black and Grey,,#4A4F53,Active,Layer Paint Name,C,28,
citadel_layer_evil_sunz_scarlet,Citadel,Evil Sunz Scarlet,Layer,Red,Cool Reds,#C21920,Active,Layer Paint Name,C,29,Army Painter triad via conversion match: Pure Red
citadel_layer_fenrisian_grey,Citadel,Fenrisian Grey,Layer,Black and Grey,Desaturated Blue-Greys,#709CB7,Active,Layer Paint Name,C,30,Army Painter triad via conversion match: Runic Cobalt
citadel_layer_fire_dragon_bright,Citadel,Fire Dragon Bright,Layer,Orange,Oranges,#F58651,Active,Layer Paint Name,C,31,Army Painter triad via conversion match: Lava Orange
citadel_layer_flash_gitz_yellow,Citadel,Flash Gitz Yellow,Layer,Yellow,Yellows,#FFF200,Active,Layer Paint Name,C,32,Army Painter triad via conversion match: Daemonic Yellow
citadel_layer_flayed_one_flesh,Citadel,Flayed One Flesh,Layer,Brown,Deep Skin Tones,#CBB48B,Active,Layer Paint Name,C,33,Army Painter triad via conversion match: Dorado Skin
citadel_layer_fulgrim_pink,Citadel,Fulgrim Pink,Layer,Pink,Desaturated Violets,#F4AFCC,Active,Layer Paint Name,D,3,Army Painter triad via conversion match: Figgy Pink
citadel_layer_fulgurite_copper,Citadel,Fulgurite Copper,Layer,Copper,,#BA8F6D,Active,Layer Paint Name,D,4,
citadel_layer_gauss_blaster_green,Citadel,Gauss Blaster Green,Layer,Green,Deep Greens,#84C2A9,Active,Layer Paint Name,D,5,Army Painter triad via conversion match: Ferocious Green
citadel_layer_gehenna_s_gold,Citadel,Gehenna's Gold,Layer,Gold,Metals - Brass,#D49761,Active,Layer Paint Name,D,6,Army Painter triad via conversion match: True Brass
citadel_layer_genestealer_purple,Citadel,Genestealer Purple,Layer,Purple,Purples,#7761AA,Active,Layer Paint Name,D,7,Army Painter triad via conversion match: Cultist Purple
citadel_layer_gorthor_brown,Citadel,Gorthor Brown,Layer,Brown,Deep Skin Tones,#654641,Active,Layer Paint Name,D,8,Army Painter triad via conversion match: Onyx Skin
citadel_layer_hashut_copper,Citadel,Hashut Copper,Layer,Copper,,#C69169,Active,Layer Paint Name,D,9,
citadel_layer_hoeth_blue,Citadel,Hoeth Blue,Layer,Blue,Deep Green-Blues,#4C7FB4,Active,Layer Paint Name,D,10,Army Painter triad via conversion match: Aegis Aqua
citadel_layer_ironbreaker,Citadel,Ironbreaker,Layer,Silver,,#94999D,Active,Layer Paint Name,D,11,
citadel_layer_kabalite_green,Citadel,Kabalite Green,Layer,Blue-Green,Teals,#028D66,Active,Layer Paint Name,D,12,Army Painter triad via conversion match: Pharaoh Guard
citadel_layer_kakophoni_purple,Citadel,Kakophoni Purple,Layer,Purple,Magentas,,Active,Layer Paint Name,D,13,Army Painter triad via conversion match: Spellbound Fuchsia
citadel_layer_karak_stone,Citadel,Karak Stone,Layer,Brown,Light Neutrals,#BB9662,Active,Layer Paint Name,D,14,Army Painter triad via conversion match: Tomb King Tan
citadel_layer_kislev_flesh,Citadel,Kislev Flesh,Layer,Brown,Deep Skin Tones,#D6A876,Active,Layer Paint Name,D,15,Army Painter triad via conversion match: Amber Skin
citadel_layer_knight_questor_flesh,Citadel,Knight-Questor Flesh,Layer,Brown,Browns,,Active,Layer Paint Name,D,16,Army Painter triad via conversion match: Command Khaki
citadel_layer_krieg_khaki,Citadel,Krieg Khaki,Layer,Brown,Olive Greens,#B7AD78,Active,Layer Paint Name,D,17,Army Painter triad via conversion match: Grotesque Green
citadel_layer_liberator_gold,Citadel,Liberator Gold,Layer,Gold,Metals - Brass,#D5C4AA,Active,Layer Paint Name,D,18,Army Painter triad via conversion match: Tainted Gold
citadel_layer_loren_forest,Citadel,Loren Forest,Layer,Green,Olive Greens,#51702D,Active,Layer Paint Name,D,19,Army Painter triad via conversion match: Army Green
citadel_layer_lothern_blue,Citadel,Lothern Blue,Layer,Blue,Deep Green-Blues,#33A2CF,Active,Layer Paint Name,D,20,Army Painter triad via conversion match: Phalanx Blue
citadel_layer_lugganath_orange,Citadel,Lugganath Orange,Layer,Orange,Warm Reds,#F89E86,Active,Layer Paint Name,D,21,Army Painter triad via conversion match: Violent Vermillion
citadel_layer_moot_green,Citadel,Moot Green,Layer,Green,Vibrant Greens,#52B246,Active,Layer Paint Name,D,22,Army Painter triad via conversion match: Leafy Green
citadel_layer_nurgling_green,Citadel,Nurgling Green,Layer,Green,Olive Greens,#849B63,Active,Layer Paint Name,D,23,Army Painter triad via conversion match: Necrotic Flesh
citadel_layer_ogryn_camo,Citadel,Ogryn Camo,Layer,Green,Desaturated Cool Greens,#9EA94B,Active,Layer Paint Name,D,24,Army Painter triad via conversion match: Mossy Green
citadel_layer_pallid_wych_flesh,Citadel,Pallid Wych Flesh,Layer,Brown,Warm Greys & White,#CDCEBE,Active,Layer Paint Name,D,25,Army Painter triad via conversion match: Brainmatter Beige
citadel_layer_phalanx_yellow,Citadel,Phalanx Yellow,Layer,Yellow,Yellows,,Active,Layer Paint Name,D,26,Army Painter triad via conversion match: Warped Yellow
citadel_layer_pink_horror,Citadel,Pink Horror,Layer,Pink,Pinks,#91305D,Active,Layer Paint Name,D,27,Army Painter triad via conversion match: Wicked Pink
citadel_layer_runefang_steel,Citadel,Runefang Steel,Layer,Silver,Metals - Silver,#C6CBD0,Active,Layer Paint Name,D,28,Army Painter triad via conversion match: Shining Silver
citadel_layer_russ_grey,Citadel,Russ Grey,Layer,Black and Grey,Desaturated Blue-Greys,#547588,Active,Layer Paint Name,D,29,Army Painter triad via conversion match: Wolf Grey
citadel_layer_screaming_skull,Citadel,Screaming Skull,Layer,Brown,Light Neutrals,#D4D3A3,Active,Layer Paint Name,D,30,Army Painter triad via conversion match: Bony Spikes
citadel_layer_skarsnik_green,Citadel,Skarsnik Green,Layer,Green,Desaturated Cool Greens,#5F936F,Active,Layer Paint Name,D,31,Army Painter triad via conversion match: Patagon Pine
citadel_layer_skavenblight_dinge,Citadel,Skavenblight Dinge,Layer,Black and Grey,,#48413B,Active,Layer Paint Name,D,32,
citadel_layer_skrag_brown,Citadel,Skrag Brown,Layer,Brown,,#904A0F,Active,Layer Paint Name,D,33,
citadel_layer_skullcrusher_brass,Citadel,Skullcrusher Brass,Layer,Brass,,#E9C58B,Active,Layer Paint Name,E,3,
citadel_layer_slaanesh_grey,Citadel,Slaanesh Grey,Layer,Black and Grey,,#8E8C97,Active,Layer Paint Name,E,4,
citadel_layer_sons_of_horus_green,Citadel,Sons of Horus Green,Layer,Green,Desaturated Cool Greens,,Active,Layer Paint Name,E,5,Army Painter triad via conversion match: Evergreen Fog
citadel_layer_sotek_green,Citadel,Sotek Green,Layer,Blue-Green,Turquoises,#0C6A74,Active,Layer Paint Name,E,6,Army Painter triad via conversion match: Deep Azure
citadel_layer_squig_orange,Citadel,Squig Orange,Layer,Orange,Oranges,#A94F44,Active,Layer Paint Name,E,7,Army Painter triad via conversion match: Flickering Flame
citadel_layer_stormhost_silver,Citadel,Stormhost Silver,Layer,Silver,Metals - Silver,#D1D2D4,Active,Layer Paint Name,E,8,Army Painter triad via conversion match: Mithril
citadel_layer_stormvermin_fur,Citadel,Stormvermin Fur,Layer,Brown,Light Neutrals,#736C66,Active,Layer Paint Name,E,9,Army Painter triad via conversion match: Dusty Skull
citadel_layer_straken_green,Citadel,Straken Green,Layer,Green,Olive Greens,#628026,Active,Layer Paint Name,E,10,Army Painter triad via conversion match: Olive Drab
citadel_layer_sybarite_green,Citadel,Sybarite Green,Layer,Green,Teals,#30A66C,Active,Layer Paint Name,E,11,Army Painter triad via conversion match: Pharaoh Guard
citadel_layer_sycorax_bronze,Citadel,Sycorax Bronze,Layer,Bronze,Metals - Brass,#CBB394,Active,Layer Paint Name,E,12,Army Painter triad via conversion match: Evil Chrome
citadel_layer_tallarn_sand,Citadel,Tallarn Sand,Layer,Brown,Ochres & Tans,#A67610,Active,Layer Paint Name,E,13,Army Painter triad via conversion match: Prairie Ochre
citadel_layer_tau_light_ochre,Citadel,Tau Light Ochre,Layer,Brown,Yellows,#BF6E1D,Active,Layer Paint Name,E,14,Army Painter triad via conversion match: Demigod Flames
citadel_layer_teclis_blue,Citadel,Teclis Blue,Layer,Blue,Vivid Blues,#317FC1,Active,Layer Paint Name,E,15,Army Painter triad via conversion match: Crystal Blue
citadel_layer_temple_guard_blue,Citadel,Temple Guard Blue,Layer,Blue-Green,Turquoises,#329B8D,Active,Layer Paint Name,E,16,Army Painter triad via conversion match: Marine Mist
citadel_layer_thunderhawk_blue,Citadel,Thunderhawk Blue,Layer,Blue-Green,,#417175,Active,Layer Paint Name,E,17,
citadel_layer_troll_slayer_orange,Citadel,Troll Slayer Orange,Layer,Orange,Oranges,#F46C2E,Active,Layer Paint Name,E,18,Army Painter triad via conversion match: Burning Ore
citadel_layer_tuskgor_fur,Citadel,Tuskgor Fur,Layer,Brown,,#883736,Active,Layer Paint Name,E,19,
citadel_layer_ulthuan_grey,Citadel,Ulthuan Grey,Layer,Black and Grey,Black & Greys,#C7E0DA,Active,Layer Paint Name,E,20,Army Painter triad via conversion match: Company Grey
citadel_layer_ungor_flesh,Citadel,Ungor Flesh,Layer,Brown,Ochres & Tans,#D7A767,Active,Layer Paint Name,E,21,Army Painter triad via conversion match: Barren Dune
citadel_layer_ushabti_bone,Citadel,Ushabti Bone,Layer,Brown,Light Neutrals,#BCBC80,Active,Layer Paint Name,E,22,Army Painter triad via conversion match: Skeleton Bone
citadel_layer_vulkan_green,Citadel,Vulkan Green,Layer,Green,,,Active,Layer Paint Name,E,23,
citadel_layer_warboss_green,Citadel,Warboss Green,Layer,Blue-Green,Deep Greens,#3E7F5D,Active,Layer Paint Name,E,24,Army Painter triad via conversion match: Eternal Hunt
citadel_layer_warpfiend_grey,Citadel,Warpfiend Grey,Layer,Black and Grey,,#6C6A75,Active,Layer Paint Name,E,25,
citadel_layer_warpstone_glow,Citadel,Warpstone Glow,Layer,Green,Deep Greens,#1E7332,Active,Layer Paint Name,E,26,Army Painter triad via conversion match: Greenskin
citadel_layer_wazdakka_red,Citadel,Wazdakka Red,Layer,Red,Cool Reds,#8C0A0C,Active,Layer Paint Name,E,27,Army Painter triad via conversion match: Wyvern Fury
citadel_layer_white_scar,Citadel,White Scar,Layer,White,Warm Greys & White,#FFFFFF,Active,Layer Paint Name,E,28,Army Painter triad via conversion match: Matt White
citadel_layer_wild_rider_red,Citadel,Wild Rider Red,Layer,Red,Warm Reds,#EB2E28,Active,Layer Paint Name,E,29,Army Painter triad via conversion match: Angelic Red
citadel_layer_word_bearers_red,Citadel,Word Bearers Red,Layer,Red,Cool Reds,,Active,Layer Paint Name,E,30,Army Painter triad via conversion match: Basilisk Red
citadel_layer_xereus_purple,Citadel,Xereus Purple,Layer,Purple,Magentas,#471F5E,Active,Layer Paint Name,E,31,Army Painter triad via conversion match: Warlock Magenta
citadel_layer_yriel_yellow,Citadel,Yriel Yellow,Layer,Yellow,Oranges,#FFDB01,Active,Layer Paint Name,E,32,Army Painter triad via conversion match: Glowing Inferno
citadel_layer_zamesi_desert,Citadel,Zamesi Desert,Layer,Brown,Ochres & Tans,#DCA026,Active,Layer Paint Name,E,33,Army Painter triad via conversion match: Burnt Turf
citadel_shade_agrax_earthshade,Citadel,Agrax Earthshade,Shade,Brown,Metallics & Effects,#5A543C,Active,Shade Paints Name,H,3,Army Painter triad via conversion match: Strong Tone
citadel_shade_athonian_camoshade,Citadel,Athonian Camoshade,Shade,Green,Metallics & Effects,#798C3D,Active,Shade Paints Name,H,4,Army Painter triad via conversion match: Military Shade
citadel_shade_berserker_bloodshade,Citadel,Berserker Bloodshade,Shade,Red,Metallics & Effects,,Active,Shade Paints Name,H,5,Army Painter triad via conversion match: Dark Red Tone
citadel_shade_biel_tan_green,Citadel,Biel-Tan Green,Shade,Green,Metallics & Effects,#479259,Active,Shade Paints Name,H,6,Army Painter triad via conversion match: Green Tone
citadel_shade_carroburg_crimson,Citadel,Carroburg Crimson,Shade,Red,Metallics & Effects,#9A4073,Active,Shade Paints Name,H,7,Army Painter triad via conversion match: Magenta Tone
citadel_shade_casandora_yellow,Citadel,Casandora Yellow,Shade,Yellow,,#F1CB4E,Active,Shade Paints Name,H,8,
citadel_shade_coelia_greenshade,Citadel,Coelia Greenshade,Shade,Blue-Green,Metallics & Effects,#4A7F79,Active,Shade Paints Name,H,9,Army Painter triad via conversion match: Green Tone
citadel_shade_cryptek_armourshade_gloss,Citadel,Cryptek Armourshade Gloss,Shade,Brown,,,Active,Shade Paints Name,H,10,
citadel_shade_drakenhof_nightshade,Citadel,Drakenhof Nightshade,Shade,Blue,Metallics & Effects,#3B5997,Active,Shade Paints Name,H,11,Army Painter triad via conversion match: Dark Blue Tone
citadel_shade_druchii_violet,Citadel,Druchii Violet,Shade,Purple,Metallics & Effects,#6A397B,Active,Shade Paints Name,H,12,Army Painter triad via conversion match: Purple Tone
citadel_shade_fuegan_orange,Citadel,Fuegan Orange,Shade,Orange,Metallics & Effects,#AD6E38,Active,Shade Paints Name,H,13,Army Painter triad via conversion match: Orange Tone
citadel_shade_kroak_green,Citadel,Kroak Green,Shade,Green,,,Active,Shade Paints Name,H,14,
citadel_shade_mortarion_grime,Citadel,Mortarion Grime,Shade,Brown,,,Active,Shade Paints Name,H,15,
citadel_shade_nuln_oil,Citadel,Nuln Oil,Shade,Black and Grey,Metallics & Effects,#151203,Active,Shade Paints Name,H,16,Army Painter triad via conversion match: Dark Tone
citadel_shade_poxwalker,Citadel,Poxwalker,Shade,Green,,,Active,Shade Paints Name,H,17,
citadel_shade_reikland_fleshshade,Citadel,Reikland Fleshshade,Shade,Brown,Metallics & Effects,#A34529,Active,Shade Paints Name,H,18,Army Painter triad via conversion match: Strong Skin Shade
citadel_shade_seraphim_sepia,Citadel,Seraphim Sepia,Shade,Brown,Metallics & Effects,#BF793E,Active,Shade Paints Name,H,19,Army Painter triad via conversion match: Soft Tone
citadel_shade_soulblight_grey,Citadel,Soulblight Grey,Shade,Black and Grey,,,Active,Shade Paints Name,H,20,
citadel_shade_targor_rageshade,Citadel,Targor Rageshade,Shade,Red,Metallics & Effects,,Active,Shade Paints Name,H,21,Army Painter triad via conversion match: Dark Skin Shade
citadel_shade_tyran_blue,Citadel,Tyran Blue,Shade,Blue,Metallics & Effects,,Active,Shade Paints Name,H,22,Army Painter triad via conversion match: Blue Tone
citadel_technical_agrellan_badland,Citadel,Agrellan Badland,Technical,Brown,,#A17359,Active,Technical Paint Name,I,3,
citadel_technical_agrellan_earth,Citadel,Agrellan Earth,Technical,Brown,,#92816D,Active,Technical Paint Name,I,4,
citadel_technical_ardcoat,Citadel,Ardcoat,Technical,,,,Active,Technical Paint Name,I,5,
citadel_technical_armageddon_dunes,Citadel,Armageddon Dunes,Technical,Tan,,#FCAF09,Discontinued,Discontinued Technical,I,26,Listed under discontinued technical section; Source suffix D
citadel_technical_armageddon_dust,Citadel,Armageddon Dust,Technical,Tan,,#CBAD0D,Active,Technical Paint Name,I,6,
citadel_technical_armageddon_dust_2,Citadel,Armageddon Dust,Technical,Tan,,#CBAD0D,Reformulated,Discontinued Texture/Reformulated,H,25,Listed under discontinued/reformulated texture section; Source suffix RFT
citadel_technical_astrogranite,Citadel,Astrogranite,Technical,Black and Grey,,#787878,Active,Technical Paint Name,I,7,
citadel_technical_astrogranite_2,Citadel,Astrogranite,Technical,Black and Grey,,#787878,Reformulated,Discontinued Texture/Reformulated,H,26,Listed under discontinued/reformulated texture section; Source suffix RFT
citadel_technical_astrogranite_debris,Citadel,Astrogranite Debris,Technical,Black and Grey,,#77726E,Discontinued,Discontinued Technical,I,27,Listed under discontinued technical section; Source suffix D
citadel_technical_blackfire_earth,Citadel,Blackfire Earth,Technical,Brown,,#F8902F,Discontinued Texture,Discontinued Texture/Reformulated,H,27,Listed under discontinued/reformulated texture section; Source suffix DTX
citadel_technical_blood_for_the_blood_god,Citadel,Blood For The Blood God,Technical,Red,,#581011,Active,Technical Paint Name,I,8,
citadel_technical_contrast_medium,Citadel,Contrast Medium,Technical,,,,Active,Technical Paint Name,I,9,
citadel_contrast_hexwraith_flame,Citadel,Contrast Medium,Contrast,Green,,#00AA5C,Active,Contrast Paint Name,K,,
citadel_technical_hexwraith_flame,Citadel,Hexwraith Flame,Contrast,Green,,#00AA5C,Reformulated,Technical Paint Name,I,10,Formerly Technical; current Citadel classification is Contrast.
citadel_technical_lahmian_medium,Citadel,Lahmian Medium,Technical,,,,Active,Technical Paint Name,I,11,
citadel_technical_lustrian_undergrowth,Citadel,Lustrian Undergrowth,Technical,Green,,#709811,Discontinued Texture,Discontinued Texture/Reformulated,H,28,Listed under discontinued/reformulated texture section; Source suffix DTX
citadel_technical_martian_ironcrust,Citadel,Martian Ironcrust,Technical,Red,,#F5945D,Active,Technical Paint Name,I,12,
citadel_technical_martian_ironearth,Citadel,Martian Ironearth,Technical,Red,,#935442,Discontinued,Discontinued Technical,I,28,Listed under discontinued technical section; Source suffix D
citadel_technical_mordant_earth,Citadel,Mordant Earth,Technical,Brown,,,Active,Technical Paint Name,I,13,
citadel_technical_mourn_mountian_snow,Citadel,Mourn Mountian Snow,Technical,White,,,Discontinued Texture,Discontinued Texture/Reformulated,H,29,Listed under discontinued/reformulated texture section; Source suffix DTX
citadel_technical_nihilakh_oxide,Citadel,Nihilakh Oxide,Technical,Green,,#85B59D,Active,Technical Paint Name,I,14,
citadel_technical_nurgles_rot,Citadel,Nurgles Rot,Technical,Green,,,Active,Technical Paint Name,I,15,
citadel_technical_soulstone_blue,Citadel,Soulstone Blue,Technical,Blue,,#294C86,Active,Technical Paint Name,I,16,
citadel_technical_spiritstone_red,Citadel,Spiritstone Red,Technical,Red,,#FD5D3D,Active,Technical Paint Name,I,17,
citadel_technical_stirland_battlemire,Citadel,Stirland Battlemire,Technical,Brown,,#321905,Discontinued,Discontinued Technical,I,29,Listed under discontinued technical section; Source suffix D
citadel_technical_stirland_battlemire_2,Citadel,Stirland Battlemire,Technical,Brown,,#321905,Discontinued Texture,Discontinued Texture/Reformulated,H,30,Listed under discontinued/reformulated texture section; Source suffix DT
citadel_technical_stirland_battlemire_3,Citadel,Stirland Battlemire,Technical,Brown,,#321905,Reformulated,Discontinued Texture/Reformulated,H,31,Listed under discontinued/reformulated texture section; Source suffix RFT
citadel_technical_stirland_mud,Citadel,Stirland Mud,Technical,Brown,,#473300,Active,Technical Paint Name,I,18,
citadel_technical_stirland_mud_2,Citadel,Stirland Mud,Technical,Brown,,#473300,Reformulated,Discontinued Texture/Reformulated,H,32,Listed under discontinued/reformulated texture section; Source suffix RFT
citadel_technical_stormshield,Citadel,Stormshield,Technical,,,,Active,Technical Paint Name,I,19,
citadel_technical_tesseract_glow,Citadel,Tesseract Glow,Technical,Green,,,Active,Technical Paint Name,I,20,
citadel_technical_typhus_corrosion,Citadel,Typhus Corrosion,Technical,Brown,,#453F31,Active,Technical Paint Name,I,21,
citadel_technical_valhallan_blizzard,Citadel,Valhallan Blizzard,Technical,White,,#FDF9EE,Active,Technical Paint Name,I,22,
citadel_technical_waystone_green,Citadel,Waystone Green,Technical,Blue-Green,,#018675,Active,Technical Paint Name,I,23,
army_painter_fanatic_ash_grey,Army Painter,Ash Grey,Warpaints Fanatic,Black and Grey,Black & Greys,#A2A5A4,Active,Flexible Triad / Conversion Chart,,,Added from Army Painter Flexible Triad System and conversion chart
army_painter_fanatic_brigade_grey,Army Painter,Brigade Grey,Warpaints Fanatic,Black and Grey,Black & Greys,,Active,Flexible Triad / Conversion Chart,,,Added from Army Painter Flexible Triad System and conversion chart
army_painter_fanatic_company_grey,Army Painter,Company Grey,Warpaints Fanatic,Black and Grey,Black & Greys,,Active,Flexible Triad / Conversion Chart,,,Added from Army Painter Flexible Triad System and conversion chart
army_painter_fanatic_deep_grey,Army Painter,Deep Grey,Warpaints Fanatic,Black and Grey,Black & Greys,,Active,Flexible Triad / Conversion Chart,,,Added from Army Painter Flexible Triad System and conversion chart
army_painter_fanatic_matt_black,Army Painter,Matt Black,Warpaints Fanatic,Black and Grey,Black & Greys,#231F20,Active,Flexible Triad / Conversion Chart,,,Added from Army Painter Flexible Triad System and conversion chart
army_painter_fanatic_uniform_grey,Army Painter,Uniform Grey,Warpaints Fanatic,Black and Grey,Black & Greys,#5E6A73,Active,Flexible Triad / Conversion Chart,,,Added from Army Painter Flexible Triad System and conversion chart
army_painter_fanatic_brainmatter_beige,Army Painter,Brainmatter Beige,Warpaints Fanatic,White,Warm Greys & White,#F1F0E0,Active,Flexible Triad / Conversion Chart,,,Added from Army Painter Flexible Triad System and conversion chart
army_painter_fanatic_gargoyle_grey,Army Painter,Gargoyle Grey,Warpaints Fanatic,White,Warm Greys & White,,Active,Flexible Triad / Conversion Chart,,,Added from Army Painter Flexible Triad System and conversion chart
army_painter_fanatic_great_hall_grey,Army Painter,Great Hall Grey,Warpaints Fanatic,White,Warm Greys & White,,Active,Flexible Triad / Conversion Chart,,,Added from Army Painter Flexible Triad System and conversion chart
army_painter_fanatic_grey_castle,Army Painter,Grey Castle,Warpaints Fanatic,White,Warm Greys & White,,Active,Flexible Triad / Conversion Chart,,,Added from Army Painter Flexible Triad System and conversion chart
army_painter_fanatic_matt_white,Army Painter,Matt White,Warpaints Fanatic,White,Warm Greys & White,#FFFFFF,Active,Flexible Triad / Conversion Chart,,,Added from Army Painter Flexible Triad System and conversion chart
army_painter_fanatic_worn_stone,Army Painter,Worn Stone,Warpaints Fanatic,White,Warm Greys & White,,Active,Flexible Triad / Conversion Chart,,,Added from Army Painter Flexible Triad System and conversion chart
army_painter_fanatic_night_sky,Army Painter,Night Sky,Warpaints Fanatic,Blue,Desaturated Blue-Greys,,Active,Flexible Triad / Conversion Chart,,,Added from Army Painter Flexible Triad System and conversion chart
army_painter_fanatic_runic_cobalt,Army Painter,Runic Cobalt,Warpaints Fanatic,Blue,Desaturated Blue-Greys,,Active,Flexible Triad / Conversion Chart,,,Added from Army Painter Flexible Triad System and conversion chart
army_painter_fanatic_stratos_blue,Army Painter,Stratos Blue,Warpaints Fanatic,Blue,Desaturated Blue-Greys,,Active,Flexible Triad / Conversion Chart,,,Added from Army Painter Flexible Triad System and conversion chart
army_painter_fanatic_thunderous_blue,Army Painter,Thunderous Blue,Warpaints Fanatic,Blue,Desaturated Blue-Greys,,Active,Flexible Triad / Conversion Chart,,,Added from Army Painter Flexible Triad System and conversion chart
army_painter_fanatic_wolf_grey,Army Painter,Wolf Grey,Warpaints Fanatic,Blue,Desaturated Blue-Greys,#5B8093,Active,Flexible Triad / Conversion Chart,,,Added from Army Painter Flexible Triad System and conversion chart
army_painter_fanatic_alpha_blue,Army Painter,Alpha Blue,Warpaints Fanatic,Blue,Strong Pale Blues,,Active,Flexible Triad / Conversion Chart,,,Added from Army Painter Flexible Triad System and conversion chart
army_painter_fanatic_augur_blue,Army Painter,Augur Blue,Warpaints Fanatic,Blue,Strong Pale Blues,,Active,Flexible Triad / Conversion Chart,,,Added from Army Painter Flexible Triad System and conversion chart
army_painter_fanatic_baron_blue,Army Painter,Baron Blue,Warpaints Fanatic,Blue,Strong Pale Blues,,Active,Flexible Triad / Conversion Chart,,,Added from Army Painter Flexible Triad System and conversion chart
army_painter_fanatic_frost_blue,Army Painter,Frost Blue,Warpaints Fanatic,Blue,Strong Pale Blues,,Active,Flexible Triad / Conversion Chart,,,Added from Army Painter Flexible Triad System and conversion chart
army_painter_fanatic_gothic_blue,Army Painter,Gothic Blue,Warpaints Fanatic,Blue,Strong Pale Blues,,Active,Flexible Triad / Conversion Chart,,,Added from Army Painter Flexible Triad System and conversion chart
army_painter_fanatic_triumphant_navy,Army Painter,Triumphant Navy,Warpaints Fanatic,Blue,Strong Pale Blues,,Active,Flexible Triad / Conversion Chart,,,Added from Army Painter Flexible Triad System and conversion chart
army_painter_fanatic_ultramarine_blue,Army Painter,Ultramarine Blue,Warpaints Fanatic,Blue,Strong Pale Blues,#0F4E85,Active,Flexible Triad / Conversion Chart,,,Added from Army Painter Flexible Triad System and conversion chart
army_painter_fanatic_arctic_gem,Army Painter,Arctic Gem,Warpaints Fanatic,Blue,Vivid Blues,,Active,Flexible Triad / Conversion Chart,,,Added from Army Painter Flexible Triad System and conversion chart
army_painter_fanatic_bright_sapphire,Army Painter,Bright Sapphire,Warpaints Fanatic,Blue,Vivid Blues,,Active,Flexible Triad / Conversion Chart,,,Added from Army Painter Flexible Triad System and conversion chart
army_painter_fanatic_crystal_blue,Army Painter,Crystal Blue,Warpaints Fanatic,Blue,Vivid Blues,#0083C2,Active,Flexible Triad / Conversion Chart,,,Added from Army Painter Flexible Triad System and conversion chart
army_painter_fanatic_imperial_navy,Army Painter,Imperial Navy,Warpaints Fanatic,Blue,Vivid Blues,,Active,Flexible Triad / Conversion Chart,,,Added from Army Painter Flexible Triad System and conversion chart
army_painter_fanatic_regal_blue,Army Painter,Regal Blue,Warpaints Fanatic,Blue,Vivid Blues,,Active,Flexible Triad / Conversion Chart,,,Added from Army Painter Flexible Triad System and conversion chart
army_painter_fanatic_royal_blue,Army Painter,Royal Blue,Warpaints Fanatic,Blue,Vivid Blues,,Active,Flexible Triad / Conversion Chart,,,Added from Army Painter Flexible Triad System and conversion chart
army_painter_fanatic_abyssal_blue,Army Painter,Abyssal Blue,Warpaints Fanatic,Blue-Green,Deep Green-Blues,,Active,Flexible Triad / Conversion Chart,,,Added from Army Painter Flexible Triad System and conversion chart
army_painter_fanatic_aegis_aqua,Army Painter,Aegis Aqua,Warpaints Fanatic,Blue-Green,Deep Green-Blues,,Active,Flexible Triad / Conversion Chart,,,Added from Army Painter Flexible Triad System and conversion chart
army_painter_fanatic_deep_ocean_blue,Army Painter,Deep Ocean Blue,Warpaints Fanatic,Blue-Green,Deep Green-Blues,,Active,Flexible Triad / Conversion Chart,,,Added from Army Painter Flexible Triad System and conversion chart
army_painter_fanatic_phalanx_blue,Army Painter,Phalanx Blue,Warpaints Fanatic,Blue-Green,Deep Green-Blues,,Active,Flexible Triad / Conversion Chart,,,Added from Army Painter Flexible Triad System and conversion chart
army_painter_fanatic_shieldwall_blue,Army Painter,Shieldwall Blue,Warpaints Fanatic,Blue-Green,Deep Green-Blues,,Active,Flexible Triad / Conversion Chart,,,Added from Army Painter Flexible Triad System and conversion chart
army_painter_fanatic_tidal_blue,Army Painter,Tidal Blue,Warpaints Fanatic,Blue-Green,Deep Green-Blues,,Active,Flexible Triad / Conversion Chart,,,Added from Army Painter Flexible Triad System and conversion chart
army_painter_fanatic_aquamarine,Army Painter,Aquamarine,Warpaints Fanatic,Blue-Green,Turquoises,,Active,Flexible Triad / Conversion Chart,,,Added from Army Painter Flexible Triad System and conversion chart
army_painter_fanatic_deep_azure,Army Painter,Deep Azure,Warpaints Fanatic,Blue-Green,Turquoises,,Active,Flexible Triad / Conversion Chart,,,Added from Army Painter Flexible Triad System and conversion chart
army_painter_fanatic_hydra_turquoise,Army Painter,Hydra Turquoise,Warpaints Fanatic,Blue-Green,Turquoises,#199BA3,Active,Flexible Triad / Conversion Chart,,,Added from Army Painter Flexible Triad System and conversion chart
army_painter_fanatic_marine_mist,Army Painter,Marine Mist,Warpaints Fanatic,Blue-Green,Turquoises,,Active,Flexible Triad / Conversion Chart,,,Added from Army Painter Flexible Triad System and conversion chart
army_painter_fanatic_neptune_glow,Army Painter,Neptune Glow,Warpaints Fanatic,Blue-Green,Turquoises,,Active,Flexible Triad / Conversion Chart,,,Added from Army Painter Flexible Triad System and conversion chart
army_painter_fanatic_turquoise_siren,Army Painter,Turquoise Siren,Warpaints Fanatic,Blue-Green,Turquoises,,Active,Flexible Triad / Conversion Chart,,,Added from Army Painter Flexible Triad System and conversion chart
army_painter_fanatic_amulet_aqua,Army Painter,Amulet Aqua,Warpaints Fanatic,Blue-Green,Teals,,Active,Flexible Triad / Conversion Chart,,,Added from Army Painter Flexible Triad System and conversion chart
army_painter_fanatic_aqua_alchemy,Army Painter,Aqua Alchemy,Warpaints Fanatic,Blue-Green,Teals,,Active,Flexible Triad / Conversion Chart,,,Added from Army Painter Flexible Triad System and conversion chart
army_painter_fanatic_pharaoh_guard,Army Painter,Pharaoh Guard,Warpaints Fanatic,Blue-Green,Teals,,Active,Flexible Triad / Conversion Chart,,,Added from Army Painter Flexible Triad System and conversion chart
army_painter_fanatic_scarab_green,Army Painter,Scarab Green,Warpaints Fanatic,Blue-Green,Teals,,Active,Flexible Triad / Conversion Chart,,,Added from Army Painter Flexible Triad System and conversion chart
army_painter_fanatic_talisman_teal,Army Painter,Talisman Teal,Warpaints Fanatic,Blue-Green,Teals,,Active,Flexible Triad / Conversion Chart,,,Added from Army Painter Flexible Triad System and conversion chart
army_painter_fanatic_temple_gate_teal,Army Painter,Temple Gate Teal,Warpaints Fanatic,Blue-Green,Teals,,Active,Flexible Triad / Conversion Chart,,,Added from Army Painter Flexible Triad System and conversion chart
army_painter_fanatic_afterglow,Army Painter,Afterglow,Warpaints Fanatic,Green,Vibrant Greens,,Active,Flexible Triad / Conversion Chart,,,Added from Army Painter Flexible Triad System and conversion chart
army_painter_fanatic_electric_lime,Army Painter,Electric Lime,Warpaints Fanatic,Green,Vibrant Greens,,Active,Flexible Triad / Conversion Chart,,,Added from Army Painter Flexible Triad System and conversion chart
army_painter_fanatic_emerald_forest,Army Painter,Emerald Forest,Warpaints Fanatic,Green,Vibrant Greens,,Active,Flexible Triad / Conversion Chart,,,Added from Army Painter Flexible Triad System and conversion chart
army_painter_fanatic_leafy_green,Army Painter,Leafy Green,Warpaints Fanatic,Green,Vibrant Greens,,Active,Flexible Triad / Conversion Chart,,,Added from Army Painter Flexible Triad System and conversion chart
army_painter_fanatic_rainforest,Army Painter,Rainforest,Warpaints Fanatic,Green,Vibrant Greens,,Active,Flexible Triad / Conversion Chart,,,Added from Army Painter Flexible Triad System and conversion chart
army_painter_fanatic_vivid_volt,Army Painter,Vivid Volt,Warpaints Fanatic,Green,Vibrant Greens,,Active,Flexible Triad / Conversion Chart,,,Added from Army Painter Flexible Triad System and conversion chart
army_painter_fanatic_autumn_sage,Army Painter,Autumn Sage,Warpaints Fanatic,Green,Desaturated Cool Greens,,Active,Flexible Triad / Conversion Chart,,,Added from Army Painter Flexible Triad System and conversion chart
army_painter_fanatic_evergreen_fog,Army Painter,Evergreen Fog,Warpaints Fanatic,Green,Desaturated Cool Greens,,Active,Flexible Triad / Conversion Chart,,,Added from Army Painter Flexible Triad System and conversion chart
army_painter_fanatic_forest_faun,Army Painter,Forest Faun,Warpaints Fanatic,Green,Desaturated Cool Greens,,Active,Flexible Triad / Conversion Chart,,,Added from Army Painter Flexible Triad System and conversion chart
army_painter_fanatic_medieval_forest,Army Painter,Medieval Forest,Warpaints Fanatic,Green,Desaturated Cool Greens,,Active,Flexible Triad / Conversion Chart,,,Added from Army Painter Flexible Triad System and conversion chart
army_painter_fanatic_mossy_green,Army Painter,Mossy Green,Warpaints Fanatic,Green,Desaturated Cool Greens,,Active,Flexible Triad / Conversion Chart,,,Added from Army Painter Flexible Triad System and conversion chart
army_painter_fanatic_patagon_pine,Army Painter,Patagon Pine,Warpaints Fanatic,Green,Desaturated Cool Greens,,Active,Flexible Triad / Conversion Chart,,,Added from Army Painter Flexible Triad System and conversion chart
army_painter_fanatic_army_green,Army Painter,Army Green,Warpaints Fanatic,Green,Olive Greens,#6E7645,Active,Flexible Triad / Conversion Chart,,,Added from Army Painter Flexible Triad System and conversion chart
army_painter_fanatic_camouflage_green,Army Painter,Camouflage Green,Warpaints Fanatic,Green,Olive Greens,,Active,Flexible Triad / Conversion Chart,,,Added from Army Painter Flexible Triad System and conversion chart
army_painter_fanatic_grotesque_green,Army Painter,Grotesque Green,Warpaints Fanatic,Green,Olive Greens,,Active,Flexible Triad / Conversion Chart,,,Added from Army Painter Flexible Triad System and conversion chart
army_painter_fanatic_necrotic_flesh,Army Painter,Necrotic Flesh,Warpaints Fanatic,Green,Olive Greens,#BFC292,Active,Flexible Triad / Conversion Chart,,,Added from Army Painter Flexible Triad System and conversion chart
army_painter_fanatic_olive_drab,Army Painter,Olive Drab,Warpaints Fanatic,Green,Olive Greens,,Active,Flexible Triad / Conversion Chart,,,Added from Army Painter Flexible Triad System and conversion chart
army_painter_fanatic_olive_greens,Army Painter,Olive Greens,Warpaints Fanatic,Green,Olive Greens,,Active,Flexible Triad / Conversion Chart,,,Added from Army Painter Flexible Triad System and conversion chart
army_painter_fanatic_woodland_camo,Army Painter,Woodland Camo,Warpaints Fanatic,Green,Olive Greens,,Active,Flexible Triad / Conversion Chart,,,Added from Army Painter Flexible Triad System and conversion chart
army_painter_fanatic_angel_green,Army Painter,Angel Green,Warpaints Fanatic,Green,Deep Greens,#0C391D,Active,Flexible Triad / Conversion Chart,,,Added from Army Painter Flexible Triad System and conversion chart
army_painter_fanatic_eternal_hunt,Army Painter,Eternal Hunt,Warpaints Fanatic,Green,Deep Greens,,Active,Flexible Triad / Conversion Chart,,,Added from Army Painter Flexible Triad System and conversion chart
army_painter_fanatic_ferocious_green,Army Painter,Ferocious Green,Warpaints Fanatic,Green,Deep Greens,,Active,Flexible Triad / Conversion Chart,,,Added from Army Painter Flexible Triad System and conversion chart
army_painter_fanatic_greenskin,Army Painter,Greenskin,Warpaints Fanatic,Green,Deep Greens,#136232,Active,Flexible Triad / Conversion Chart,,,Added from Army Painter Flexible Triad System and conversion chart
army_painter_fanatic_guardian_green,Army Painter,Guardian Green,Warpaints Fanatic,Green,Deep Greens,,Active,Flexible Triad / Conversion Chart,,,Added from Army Painter Flexible Triad System and conversion chart
army_painter_fanatic_wild_green,Army Painter,Wild Green,Warpaints Fanatic,Green,Deep Greens,,Active,Flexible Triad / Conversion Chart,,,Added from Army Painter Flexible Triad System and conversion chart
army_painter_fanatic_barren_dune,Army Painter,Barren Dune,Warpaints Fanatic,Brown,Ochres & Tans,,Active,Flexible Triad / Conversion Chart,,,Added from Army Painter Flexible Triad System and conversion chart
army_painter_fanatic_burnt_turf,Army Painter,Burnt Turf,Warpaints Fanatic,Brown,Ochres & Tans,,Active,Flexible Triad / Conversion Chart,,,Added from Army Painter Flexible Triad System and conversion chart
army_painter_fanatic_desert_yellow,Army Painter,Desert Yellow,Warpaints Fanatic,Brown,Ochres & Tans,#C7952C,Active,Flexible Triad / Conversion Chart,,,Added from Army Painter Flexible Triad System and conversion chart
army_painter_fanatic_prairie_ochre,Army Painter,Prairie Ochre,Warpaints Fanatic,Brown,Ochres & Tans,,Active,Flexible Triad / Conversion Chart,,,Added from Army Painter Flexible Triad System and conversion chart
army_painter_fanatic_tundra_taupe,Army Painter,Tundra Taupe,Warpaints Fanatic,Brown,Ochres & Tans,,Active,Flexible Triad / Conversion Chart,,,Added from Army Painter Flexible Triad System and conversion chart
army_painter_fanatic_wasteland_clay,Army Painter,Wasteland Clay,Warpaints Fanatic,Brown,Ochres & Tans,,Active,Flexible Triad / Conversion Chart,,,Added from Army Painter Flexible Triad System and conversion chart
army_painter_fanatic_ancient_stone,Army Painter,Ancient Stone,Warpaints Fanatic,Tan,Light Neutrals,,Active,Flexible Triad / Conversion Chart,,,Added from Army Painter Flexible Triad System and conversion chart
army_painter_fanatic_bony_spikes,Army Painter,Bony Spikes,Warpaints Fanatic,Tan,Light Neutrals,,Active,Flexible Triad / Conversion Chart,,,Added from Army Painter Flexible Triad System and conversion chart
army_painter_fanatic_dusty_skull,Army Painter,Dusty Skull,Warpaints Fanatic,Tan,Light Neutrals,,Active,Flexible Triad / Conversion Chart,,,Added from Army Painter Flexible Triad System and conversion chart
army_painter_fanatic_pale_sand,Army Painter,Pale Sand,Warpaints Fanatic,Tan,Light Neutrals,,Active,Flexible Triad / Conversion Chart,,,Added from Army Painter Flexible Triad System and conversion chart
army_painter_fanatic_skeleton_bone,Army Painter,Skeleton Bone,Warpaints Fanatic,Tan,Light Neutrals,#D3C89D,Active,Flexible Triad / Conversion Chart,,,Added from Army Painter Flexible Triad System and conversion chart
army_painter_fanatic_tomb_king_tan,Army Painter,Tomb King Tan,Warpaints Fanatic,Tan,Light Neutrals,,Active,Flexible Triad / Conversion Chart,,,Added from Army Painter Flexible Triad System and conversion chart
army_painter_fanatic_daemonic_yellow,Army Painter,Daemonic Yellow,Warpaints Fanatic,Yellow,Yellows,#FADA06,Active,Flexible Triad / Conversion Chart,,,Added from Army Painter Flexible Triad System and conversion chart
army_painter_fanatic_demigod_flames,Army Painter,Demigod Flames,Warpaints Fanatic,Yellow,Yellows,,Active,Flexible Triad / Conversion Chart,,,Added from Army Painter Flexible Triad System and conversion chart
army_painter_fanatic_fiendish_yellow,Army Painter,Fiendish Yellow,Warpaints Fanatic,Yellow,Yellows,,Active,Flexible Triad / Conversion Chart,,,Added from Army Painter Flexible Triad System and conversion chart
army_painter_fanatic_ice_yellow,Army Painter,Ice Yellow,Warpaints Fanatic,Yellow,Yellows,,Active,Flexible Triad / Conversion Chart,,,Added from Army Painter Flexible Triad System and conversion chart
army_painter_fanatic_space_dust,Army Painter,Space Dust,Warpaints Fanatic,Yellow,Yellows,,Active,Flexible Triad / Conversion Chart,,,Added from Army Painter Flexible Triad System and conversion chart
army_painter_fanatic_warped_yellow,Army Painter,Warped Yellow,Warpaints Fanatic,Yellow,Yellows,,Active,Flexible Triad / Conversion Chart,,,Added from Army Painter Flexible Triad System and conversion chart
army_painter_fanatic_burning_ore,Army Painter,Burning Ore,Warpaints Fanatic,Orange,Oranges,,Active,Flexible Triad / Conversion Chart,,,Added from Army Painter Flexible Triad System and conversion chart
army_painter_fanatic_flickering_flame,Army Painter,Flickering Flame,Warpaints Fanatic,Orange,Oranges,,Active,Flexible Triad / Conversion Chart,,,Added from Army Painter Flexible Triad System and conversion chart
army_painter_fanatic_glowing_inferno,Army Painter,Glowing Inferno,Warpaints Fanatic,Orange,Oranges,,Active,Flexible Triad / Conversion Chart,,,Added from Army Painter Flexible Triad System and conversion chart
army_painter_fanatic_inner_light,Army Painter,Inner Light,Warpaints Fanatic,Orange,Oranges,,Active,Flexible Triad / Conversion Chart,,,Added from Army Painter Flexible Triad System and conversion chart
army_painter_fanatic_lava_orange,Army Painter,Lava Orange,Warpaints Fanatic,Orange,Oranges,#E65525,Active,Flexible Triad / Conversion Chart,,,Added from Army Painter Flexible Triad System and conversion chart
army_painter_fanatic_molten_lava,Army Painter,Molten Lava,Warpaints Fanatic,Orange,Oranges,,Active,Flexible Triad / Conversion Chart,,,Added from Army Painter Flexible Triad System and conversion chart
army_painter_fanatic_angelic_red,Army Painter,Angelic Red,Warpaints Fanatic,Red,Warm Reds,,Active,Flexible Triad / Conversion Chart,,,Added from Army Painter Flexible Triad System and conversion chart
army_painter_fanatic_legendary_red,Army Painter,Legendary Red,Warpaints Fanatic,Red,Warm Reds,,Active,Flexible Triad / Conversion Chart,,,Added from Army Painter Flexible Triad System and conversion chart
army_painter_fanatic_raging_rouge,Army Painter,Raging Rouge,Warpaints Fanatic,Red,Warm Reds,,Active,Flexible Triad / Conversion Chart,,,Added from Army Painter Flexible Triad System and conversion chart
army_painter_fanatic_resplendent_red,Army Painter,Resplendent Red,Warpaints Fanatic,Red,Warm Reds,,Active,Flexible Triad / Conversion Chart,,,Added from Army Painter Flexible Triad System and conversion chart
army_painter_fanatic_sacred_scarlet,Army Painter,Sacred Scarlet,Warpaints Fanatic,Red,Warm Reds,,Active,Flexible Triad / Conversion Chart,,,Added from Army Painter Flexible Triad System and conversion chart
army_painter_fanatic_violent_vermillion,Army Painter,Violent Vermillion,Warpaints Fanatic,Red,Warm Reds,,Active,Flexible Triad / Conversion Chart,,,Added from Army Painter Flexible Triad System and conversion chart
army_painter_fanatic_bootstrap_brown,Army Painter,Bootstrap Brown,Warpaints Fanatic,Brown,Browns,,Active,Flexible Triad / Conversion Chart,,,Added from Army Painter Flexible Triad System and conversion chart
army_painter_fanatic_brigandine_brown,Army Painter,Brigandine Brown,Warpaints Fanatic,Brown,Browns,,Active,Flexible Triad / Conversion Chart,,,Added from Army Painter Flexible Triad System and conversion chart
army_painter_fanatic_command_khaki,Army Painter,Command Khaki,Warpaints Fanatic,Brown,Browns,,Active,Flexible Triad / Conversion Chart,,,Added from Army Painter Flexible Triad System and conversion chart
army_painter_fanatic_leather_brown,Army Painter,Leather Brown,Warpaints Fanatic,Brown,Browns,#764823,Active,Flexible Triad / Conversion Chart,,,Added from Army Painter Flexible Triad System and conversion chart
army_painter_fanatic_paratrooper_tan,Army Painter,Paratrooper Tan,Warpaints Fanatic,Brown,Browns,,Active,Flexible Triad / Conversion Chart,,,Added from Army Painter Flexible Triad System and conversion chart
army_painter_fanatic_urban_buff,Army Painter,Urban Buff,Warpaints Fanatic,Brown,Browns,,Active,Flexible Triad / Conversion Chart,,,Added from Army Painter Flexible Triad System and conversion chart
army_painter_fanatic_basilisk_red,Army Painter,Basilisk Red,Warpaints Fanatic,Red,Cool Reds,,Active,Flexible Triad / Conversion Chart,,,Added from Army Painter Flexible Triad System and conversion chart
army_painter_fanatic_blood_chalice,Army Painter,Blood Chalice,Warpaints Fanatic,Red,Cool Reds,,Active,Flexible Triad / Conversion Chart,,,Added from Army Painter Flexible Triad System and conversion chart
army_painter_fanatic_dragon_red,Army Painter,Dragon Red,Warpaints Fanatic,Red,Cool Reds,#9A1B1E,Active,Flexible Triad / Conversion Chart,,,Added from Army Painter Flexible Triad System and conversion chart
army_painter_fanatic_pure_red,Army Painter,Pure Red,Warpaints Fanatic,Red,Cool Reds,#CF2127,Active,Flexible Triad / Conversion Chart,,,Added from Army Painter Flexible Triad System and conversion chart
army_painter_fanatic_raging_rose,Army Painter,Raging Rose,Warpaints Fanatic,Red,Cool Reds,,Active,Flexible Triad / Conversion Chart,,,Added from Army Painter Flexible Triad System and conversion chart
army_painter_fanatic_wyvern_fury,Army Painter,Wyvern Fury,Warpaints Fanatic,Red,Cool Reds,,Active,Flexible Triad / Conversion Chart,,,Added from Army Painter Flexible Triad System and conversion chart
army_painter_fanatic_buffed_hide,Army Painter,Buffed Hide,Warpaints Fanatic,Brown,Ruddy Browns,,Active,Flexible Triad / Conversion Chart,,,Added from Army Painter Flexible Triad System and conversion chart
army_painter_fanatic_dryad_brown,Army Painter,Dryad Brown,Warpaints Fanatic,Brown,Ruddy Browns,,Active,Flexible Triad / Conversion Chart,,,Added from Army Painter Flexible Triad System and conversion chart
army_painter_fanatic_fur_brown,Army Painter,Fur Brown,Warpaints Fanatic,Brown,Ruddy Browns,#A14322,Active,Flexible Triad / Conversion Chart,,,Added from Army Painter Flexible Triad System and conversion chart
army_painter_fanatic_oak_brown,Army Painter,Oak Brown,Warpaints Fanatic,Brown,Ruddy Browns,#432010,Active,Flexible Triad / Conversion Chart,,,Added from Army Painter Flexible Triad System and conversion chart
army_painter_fanatic_ruddy_umber,Army Painter,Ruddy Umber,Warpaints Fanatic,Brown,Ruddy Browns,,Active,Flexible Triad / Conversion Chart,,,Added from Army Painter Flexible Triad System and conversion chart
army_painter_fanatic_tree_ancient,Army Painter,Tree Ancient,Warpaints Fanatic,Brown,Ruddy Browns,,Active,Flexible Triad / Conversion Chart,,,Added from Army Painter Flexible Triad System and conversion chart
army_painter_fanatic_alien_purple,Army Painter,Alien Purple,Warpaints Fanatic,Purple,Purples,#50317B,Active,Flexible Triad / Conversion Chart,,,Added from Army Painter Flexible Triad System and conversion chart
army_painter_fanatic_cultist_purple,Army Painter,Cultist Purple,Warpaints Fanatic,Purple,Purples,,Active,Flexible Triad / Conversion Chart,,,Added from Army Painter Flexible Triad System and conversion chart
army_painter_fanatic_hexed_violet,Army Painter,Hexed Violet,Warpaints Fanatic,Purple,Purples,,Active,Flexible Triad / Conversion Chart,,,Added from Army Painter Flexible Triad System and conversion chart
army_painter_fanatic_kraken_lavender,Army Painter,Kraken Lavender,Warpaints Fanatic,Purple,Purples,,Active,Flexible Triad / Conversion Chart,,,Added from Army Painter Flexible Triad System and conversion chart
army_painter_fanatic_terrestrial_titan,Army Painter,Terrestrial Titan,Warpaints Fanatic,Purple,Purples,,Active,Flexible Triad / Conversion Chart,,,Added from Army Painter Flexible Triad System and conversion chart
army_painter_fanatic_violet_coven,Army Painter,Violet Coven,Warpaints Fanatic,Purple,Purples,,Active,Flexible Triad / Conversion Chart,,,Added from Army Painter Flexible Triad System and conversion chart
army_painter_fanatic_doomfire_drab,Army Painter,Doomfire Drab,Warpaints Fanatic,Pink,Pinks,,Active,Flexible Triad / Conversion Chart,,,Added from Army Painter Flexible Triad System and conversion chart
army_painter_fanatic_impish_rouge,Army Painter,Impish Rouge,Warpaints Fanatic,Pink,Pinks,,Active,Flexible Triad / Conversion Chart,,,Added from Army Painter Flexible Triad System and conversion chart
army_painter_fanatic_pink_potion,Army Painter,Pink Potion,Warpaints Fanatic,Pink,Pinks,,Active,Flexible Triad / Conversion Chart,,,Added from Army Painter Flexible Triad System and conversion chart
army_painter_fanatic_pixie_pink,Army Painter,Pixie Pink,Warpaints Fanatic,Pink,Pinks,#D47A83,Active,Flexible Triad / Conversion Chart,,,Added from Army Painter Flexible Triad System and conversion chart
army_painter_fanatic_weird_elixir,Army Painter,Weird Elixir,Warpaints Fanatic,Pink,Pinks,,Active,Flexible Triad / Conversion Chart,,,Added from Army Painter Flexible Triad System and conversion chart
army_painter_fanatic_wicked_pink,Army Painter,Wicked Pink,Warpaints Fanatic,Pink,Pinks,,Active,Flexible Triad / Conversion Chart,,,Added from Army Painter Flexible Triad System and conversion chart
army_painter_fanatic_elder_flower,Army Painter,Elder Flower,Warpaints Fanatic,Purple,Desaturated Violets,,Active,Flexible Triad / Conversion Chart,,,Added from Army Painter Flexible Triad System and conversion chart
army_painter_fanatic_figgy_pink,Army Painter,Figgy Pink,Warpaints Fanatic,Purple,Desaturated Violets,,Active,Flexible Triad / Conversion Chart,,,Added from Army Painter Flexible Triad System and conversion chart
army_painter_fanatic_forbidden_fruit,Army Painter,Forbidden Fruit,Warpaints Fanatic,Purple,Desaturated Violets,,Active,Flexible Triad / Conversion Chart,,,Added from Army Painter Flexible Triad System and conversion chart
army_painter_fanatic_moldy_wine,Army Painter,Moldy Wine,Warpaints Fanatic,Purple,Desaturated Violets,,Active,Flexible Triad / Conversion Chart,,,Added from Army Painter Flexible Triad System and conversion chart
army_painter_fanatic_mulled_berry,Army Painter,Mulled Berry,Warpaints Fanatic,Purple,Desaturated Violets,,Active,Flexible Triad / Conversion Chart,,,Added from Army Painter Flexible Triad System and conversion chart
army_painter_fanatic_wilted_rose,Army Painter,Wilted Rose,Warpaints Fanatic,Purple,Desaturated Violets,,Active,Flexible Triad / Conversion Chart,,,Added from Army Painter Flexible Triad System and conversion chart
army_painter_fanatic_diabolic_plum,Army Painter,Diabolic Plum,Warpaints Fanatic,Purple,Magentas,,Active,Flexible Triad / Conversion Chart,,,Added from Army Painter Flexible Triad System and conversion chart
army_painter_fanatic_diviner_light,Army Painter,Diviner Light,Warpaints Fanatic,Purple,Magentas,,Active,Flexible Triad / Conversion Chart,,,Added from Army Painter Flexible Triad System and conversion chart
army_painter_fanatic_enchanted_pink,Army Painter,Enchanted Pink,Warpaints Fanatic,Purple,Magentas,,Active,Flexible Triad / Conversion Chart,,,Added from Army Painter Flexible Triad System and conversion chart
army_painter_fanatic_magecast_magenta,Army Painter,Magecast Magenta,Warpaints Fanatic,Purple,Magentas,,Active,Flexible Triad / Conversion Chart,,,Added from Army Painter Flexible Triad System and conversion chart
army_painter_fanatic_spellbound_fuchsia,Army Painter,Spellbound Fuchsia,Warpaints Fanatic,Purple,Magentas,,Active,Flexible Triad / Conversion Chart,,,Added from Army Painter Flexible Triad System and conversion chart
army_painter_fanatic_warlock_magenta,Army Painter,Warlock Magenta,Warpaints Fanatic,Purple,Magentas,,Active,Flexible Triad / Conversion Chart,,,Added from Army Painter Flexible Triad System and conversion chart
army_painter_fanatic_agate_skin,Army Painter,Agate Skin,Warpaints Fanatic,Flesh,Rose Skin Tones,,Active,Flexible Triad / Conversion Chart,,,Added from Army Painter Flexible Triad System and conversion chart
army_painter_fanatic_barbarian_flesh,Army Painter,Barbarian Flesh,Warpaints Fanatic,Flesh,Rose Skin Tones,#E89C6C,Active,Flexible Triad / Conversion Chart,,,Added from Army Painter Flexible Triad System and conversion chart
army_painter_fanatic_moonstone_skin,Army Painter,Moonstone Skin,Warpaints Fanatic,Flesh,Rose Skin Tones,,Active,Flexible Triad / Conversion Chart,,,Added from Army Painter Flexible Triad System and conversion chart
army_painter_fanatic_opal_skin,Army Painter,Opal Skin,Warpaints Fanatic,Flesh,Rose Skin Tones,,Active,Flexible Triad / Conversion Chart,,,Added from Army Painter Flexible Triad System and conversion chart
army_painter_fanatic_pearl_skin,Army Painter,Pearl Skin,Warpaints Fanatic,Flesh,Rose Skin Tones,,Active,Flexible Triad / Conversion Chart,,,Added from Army Painter Flexible Triad System and conversion chart
army_painter_fanatic_ruby_skin,Army Painter,Ruby Skin,Warpaints Fanatic,Flesh,Rose Skin Tones,,Active,Flexible Triad / Conversion Chart,,,Added from Army Painter Flexible Triad System and conversion chart
army_painter_fanatic_amber_skin,Army Painter,Amber Skin,Warpaints Fanatic,Flesh,Deep Skin Tones,,Active,Flexible Triad / Conversion Chart,,,Added from Army Painter Flexible Triad System and conversion chart
army_painter_fanatic_dorado_skin,Army Painter,Dorado Skin,Warpaints Fanatic,Flesh,Deep Skin Tones,,Active,Flexible Triad / Conversion Chart,,,Added from Army Painter Flexible Triad System and conversion chart
army_painter_fanatic_mocca_skin,Army Painter,Mocca Skin,Warpaints Fanatic,Flesh,Deep Skin Tones,,Active,Flexible Triad / Conversion Chart,,,Added from Army Painter Flexible Triad System and conversion chart
army_painter_fanatic_obsidian_skin,Army Painter,Obsidian Skin,Warpaints Fanatic,Flesh,Deep Skin Tones,,Active,Flexible Triad / Conversion Chart,,,Added from Army Painter Flexible Triad System and conversion chart
army_painter_fanatic_onyx_skin,Army Painter,Onyx Skin,Warpaints Fanatic,Flesh,Deep Skin Tones,,Active,Flexible Triad / Conversion Chart,,,Added from Army Painter Flexible Triad System and conversion chart
army_painter_fanatic_quartz_skin,Army Painter,Quartz Skin,Warpaints Fanatic,Flesh,Deep Skin Tones,,Active,Flexible Triad / Conversion Chart,,,Added from Army Painter Flexible Triad System and conversion chart
army_painter_fanatic_carnelian_skin,Army Painter,Carnelian Skin,Warpaints Fanatic,Flesh,Warm Skin Tones,,Active,Flexible Triad / Conversion Chart,,,Added from Army Painter Flexible Triad System and conversion chart
army_painter_fanatic_jasper_skin,Army Painter,Jasper Skin,Warpaints Fanatic,Flesh,Warm Skin Tones,,Active,Flexible Triad / Conversion Chart,,,Added from Army Painter Flexible Triad System and conversion chart
army_painter_fanatic_leopard_stone_skin,Army Painter,Leopard Stone Skin,Warpaints Fanatic,Flesh,Warm Skin Tones,,Active,Flexible Triad / Conversion Chart,,,Added from Army Painter Flexible Triad System and conversion chart
army_painter_fanatic_tigers_eye_skin,Army Painter,Tiger's Eye Skin,Warpaints Fanatic,Flesh,Warm Skin Tones,,Active,Flexible Triad / Conversion Chart,,,Added from Army Painter Flexible Triad System and conversion chart
army_painter_fanatic_topaz_skin,Army Painter,Topaz Skin,Warpaints Fanatic,Flesh,Warm Skin Tones,,Active,Flexible Triad / Conversion Chart,,,Added from Army Painter Flexible Triad System and conversion chart
army_painter_fanatic_tourmaline_skin,Army Painter,Tourmaline Skin,Warpaints Fanatic,Flesh,Warm Skin Tones,,Active,Flexible Triad / Conversion Chart,,,Added from Army Painter Flexible Triad System and conversion chart
army_painter_fanatic_evil_chrome,Army Painter,Evil Chrome,Warpaints Fanatic,Brass,Metals - Brass,,Active,Flexible Triad / Conversion Chart,,,Added from Army Painter Flexible Triad System and conversion chart
army_painter_fanatic_rough_iron,Army Painter,Rough Iron,Warpaints Fanatic,Brass,Metals - Brass,,Active,Flexible Triad / Conversion Chart,,,Added from Army Painter Flexible Triad System and conversion chart
army_painter_fanatic_tainted_gold,Army Painter,Tainted Gold,Warpaints Fanatic,Brass,Metals - Brass,,Active,Flexible Triad / Conversion Chart,,,Added from Army Painter Flexible Triad System and conversion chart
army_painter_fanatic_true_brass,Army Painter,True Brass,Warpaints Fanatic,Brass,Metals - Brass,,Active,Flexible Triad / Conversion Chart,,,Added from Army Painter Flexible Triad System and conversion chart
army_painter_fanatic_true_copper,Army Painter,True Copper,Warpaints Fanatic,Brass,Metals - Brass,,Active,Flexible Triad / Conversion Chart,,,Added from Army Painter Flexible Triad System and conversion chart
army_painter_fanatic_weapon_bronze,Army Painter,Weapon Bronze,Warpaints Fanatic,Brass,Metals - Brass,,Active,Flexible Triad / Conversion Chart,,,Added from Army Painter Flexible Triad System and conversion chart
army_painter_fanatic_bright_gold,Army Painter,Bright Gold,Warpaints Fanatic,Silver,Metals - Silver,,Active,Flexible Triad / Conversion Chart,,,Added from Army Painter Flexible Triad System and conversion chart
army_painter_fanatic_cobalt_metal,Army Painter,Cobalt Metal,Warpaints Fanatic,Silver,Metals - Silver,,Active,Flexible Triad / Conversion Chart,,,Added from Army Painter Flexible Triad System and conversion chart
army_painter_fanatic_death_metal,Army Painter,Death Metal,Warpaints Fanatic,Silver,Metals - Silver,,Active,Flexible Triad / Conversion Chart,,,Added from Army Painter Flexible Triad System and conversion chart
army_painter_fanatic_gun_metal,Army Painter,Gun Metal,Warpaints Fanatic,Silver,Metals - Silver,,Active,Flexible Triad / Conversion Chart,,,Added from Army Painter Flexible Triad System and conversion chart
army_painter_fanatic_mithril,Army Painter,Mithril,Warpaints Fanatic,Silver,Metals - Silver,,Active,Flexible Triad / Conversion Chart,,,Added from Army Painter Flexible Triad System and conversion chart
army_painter_fanatic_plate_mail_metal,Army Painter,Plate Mail Metal,Warpaints Fanatic,Silver,Metals - Silver,,Active,Flexible Triad / Conversion Chart,,,Added from Army Painter Flexible Triad System and conversion chart
army_painter_fanatic_shining_silver,Army Painter,Shining Silver,Warpaints Fanatic,Silver,Metals - Silver,,Active,Flexible Triad / Conversion Chart,,,Added from Army Painter Flexible Triad System and conversion chart
army_painter_fanatic_blue_tone,Army Painter,Blue Tone,Warpaints Fanatic,Metallic,Metallics & Effects,,Active,Flexible Triad / Conversion Chart,,,Added from Army Painter Flexible Triad System and conversion chart
army_painter_fanatic_dark_blue_tone,Army Painter,Dark Blue Tone,Warpaints Fanatic,Metallic,Metallics & Effects,,Active,Flexible Triad / Conversion Chart,,,Added from Army Painter Flexible Triad System and conversion chart
army_painter_fanatic_dark_red_tone,Army Painter,Dark Red Tone,Warpaints Fanatic,Metallic,Metallics & Effects,,Active,Flexible Triad / Conversion Chart,,,Added from Army Painter Flexible Triad System and conversion chart
army_painter_fanatic_dark_skin_shade,Army Painter,Dark Skin Shade,Warpaints Fanatic,Metallic,Metallics & Effects,,Active,Flexible Triad / Conversion Chart,,,Added from Army Painter Flexible Triad System and conversion chart
army_painter_fanatic_dark_tone,Army Painter,Dark Tone,Warpaints Fanatic,Metallic,Metallics & Effects,,Active,Flexible Triad / Conversion Chart,,,Added from Army Painter Flexible Triad System and conversion chart
army_painter_fanatic_gemstone_red,Army Painter,Gemstone Red,Warpaints Fanatic,Metallic,Metallics & Effects,,Active,Flexible Triad / Conversion Chart,,,Added from Army Painter Flexible Triad System and conversion chart
army_painter_fanatic_green_tone,Army Painter,Green Tone,Warpaints Fanatic,Metallic,Metallics & Effects,,Active,Flexible Triad / Conversion Chart,,,Added from Army Painter Flexible Triad System and conversion chart
army_painter_fanatic_light_tone,Army Painter,Light Tone,Warpaints Fanatic,Metallic,Metallics & Effects,,Active,Flexible Triad / Conversion Chart,,,Added from Army Painter Flexible Triad System and conversion chart
army_painter_fanatic_magenta_tone,Army Painter,Magenta Tone,Warpaints Fanatic,Metallic,Metallics & Effects,,Active,Flexible Triad / Conversion Chart,,,Added from Army Painter Flexible Triad System and conversion chart
army_painter_fanatic_military_shade,Army Painter,Military Shade,Warpaints Fanatic,Metallic,Metallics & Effects,,Active,Flexible Triad / Conversion Chart,,,Added from Army Painter Flexible Triad System and conversion chart
army_painter_fanatic_orange_tone,Army Painter,Orange Tone,Warpaints Fanatic,Metallic,Metallics & Effects,,Active,Flexible Triad / Conversion Chart,,,Added from Army Painter Flexible Triad System and conversion chart
army_painter_fanatic_purple_tone,Army Painter,Purple Tone,Warpaints Fanatic,Metallic,Metallics & Effects,,Active,Flexible Triad / Conversion Chart,,,Added from Army Painter Flexible Triad System and conversion chart
army_painter_fanatic_red_tone,Army Painter,Red Tone,Warpaints Fanatic,Metallic,Metallics & Effects,,Active,Flexible Triad / Conversion Chart,,,Added from Army Painter Flexible Triad System and conversion chart
army_painter_fanatic_rust_tone,Army Painter,Rust Tone,Warpaints Fanatic,Metallic,Metallics & Effects,,Active,Flexible Triad / Conversion Chart,,,Added from Army Painter Flexible Triad System and conversion chart
army_painter_fanatic_sepia_tone,Army Painter,Sepia Tone,Warpaints Fanatic,Metallic,Metallics & Effects,,Active,Flexible Triad / Conversion Chart,,,Added from Army Painter Flexible Triad System and conversion chart
army_painter_fanatic_soft_tone,Army Painter,Soft Tone,Warpaints Fanatic,Metallic,Metallics & Effects,,Active,Flexible Triad / Conversion Chart,,,Added from Army Painter Flexible Triad System and conversion chart
army_painter_fanatic_strong_skin_shade,Army Painter,Strong Skin Shade,Warpaints Fanatic,Metallic,Metallics & Effects,,Active,Flexible Triad / Conversion Chart,,,Added from Army Painter Flexible Triad System and conversion chart
army_painter_fanatic_strong_tone,Army Painter,Strong Tone,Warpaints Fanatic,Metallic,Metallics & Effects,,Active,Flexible Triad / Conversion Chart,,,Added from Army Painter Flexible Triad System and conversion chart
army_painter_fanatic_artic_gem,Army Painter,Artic Gem,Warpaints Fanatic,,,,Active,Flexible Triad / Conversion Chart,,,Added from Army Painter Flexible Triad System and conversion chart
army_painter_fanatic_brigadine_brown,Army Painter,Brigadine Brown,Warpaints Fanatic,,,,Active,Flexible Triad / Conversion Chart,,,Added from Army Painter Flexible Triad System and conversion chart
army_painter_fanatic_dark_rust,Army Painter,Dark Rust,Warpaints Fanatic,,,,Active,Flexible Triad / Conversion Chart,,,Added from Army Painter Flexible Triad System and conversion chart
army_painter_fanatic_fire_lizard,Army Painter,Fire Lizard,Warpaints Fanatic,,,#D67128,Active,Flexible Triad / Conversion Chart,,,Added from Army Painter Flexible Triad System and conversion chart
army_painter_fanatic_fresh_rust,Army Painter,Fresh Rust,Warpaints Fanatic,,,,Active,Flexible Triad / Conversion Chart,,,Added from Army Painter Flexible Triad System and conversion chart
army_painter_fanatic_greedy_gold,Army Painter,Greedy Gold,Warpaints Fanatic,,,,Active,Flexible Triad / Conversion Chart,,,Added from Army Painter Flexible Triad System and conversion chart
army_painter_fanatic_hydra_turq_abyssal_blue,Army Painter,Hydra Turq/Abyssal Blue,Warpaints Fanatic,,,,Active,Flexible Triad / Conversion Chart,,,Added from Army Painter Flexible Triad System and conversion chart
army_painter_fanatic_moon_dust,Army Painter,Moon Dust,Warpaints Fanatic,,,#E8D468,Active,Flexible Triad / Conversion Chart,,,Added from Army Painter Flexible Triad System and conversion chart
army_painter_fanatic_red_copper,Army Painter,Red Copper,Warpaints Fanatic,,,,Active,Flexible Triad / Conversion Chart,,,Added from Army Painter Flexible Triad System and conversion chart
