Source_Company,Source_Product_Line,Source_Paint_Name,Source_Document
Army Painter,Speedpaint 2.0,Gravelord Grey,speedpaint_grimblack_thru_absolution green      (1).docx
Army Painter,Speedpaint 2.0,Occultist Cloak,speedpaint_grimblack_thru_absolution green      (1).docx
Army Painter,Speedpaint 2.0,Grim Black,speedpaint_grimblack_thru_absolution green      (1).docx
Army Painter,Speedpaint 2.0,Holy White,speedpaint_grimblack_thru_absolution green      (1).docx
Army Painter,Speedpaint 2.0,Blinding Light,speedpaint_grimblack_thru_absolution green      (1).docx
Army Painter,Speedpaint 2.0,Cloudburst Blue,speedpaint_grimblack_thru_absolution green      (1).docx
Army Painter,Speedpaint 2.0,Battleship Grey,speedpaint_grimblack_thru_absolution green      (1).docx
Army Painter,Speedpaint 2.0,Ashen Stone,speedpaint_grimblack_thru_absolution green      (1).docx
Army Painter,Speedpaint 2.0,Runic Grey,speedpaint_grimblack_thru_absolution green      (1).docx
Army Painter,Speedpaint 2.0,Dusk Red,speedpaint_grimblack_thru_absolution green      (1).docx
Army Painter,Speedpaint 2.0,Satchel Brown,speedpaint_grimblack_thru_absolution green      (1).docx
Army Painter,Speedpaint 2.0,Dark Wood,speedpaint_grimblack_thru_absolution green      (1).docx
Army Painter,Speedpaint 2.0,Burnished Red,speedpaint_grimblack_thru_absolution green      (1).docx
Army Painter,Speedpaint 2.0,Ruddy Fur,speedpaint_grimblack_thru_absolution green      (1).docx
Army Painter,Speedpaint 2.0,Hardened Leather,speedpaint_grimblack_thru_absolution green      (1).docx
Army Painter,Speedpaint 2.0,Noble Skin,speedpaint_grimblack_thru_absolution green      (1).docx
Army Painter,Speedpaint 2.0,Goddess Glow,speedpaint_grimblack_thru_absolution green      (1).docx
Army Painter,Speedpaint 2.0,Warrior Skin,speedpaint_grimblack_thru_absolution green      (1).docx
Army Painter,Speedpaint 2.0,Murder Scene,speedpaint_grimblack_thru_absolution green      (1).docx
Army Painter,Speedpaint 2.0,Slaughter Red,speedpaint_grimblack_thru_absolution green      (1).docx
Army Painter,Speedpaint 2.0,Blood Red,speedpaint_grimblack_thru_absolution green      (1).docx
Army Painter,Speedpaint 2.0,Poppy Red,speedpaint_grimblack_thru_absolution green      (1).docx
Army Painter,Speedpaint 2.0,Bright Red,speedpaint_grimblack_thru_absolution green      (1).docx
Army Painter,Speedpaint 2.0,Carmine Dragon,speedpaint_grimblack_thru_absolution green      (1).docx
Army Painter,Speedpaint 2.0,Maize Yellow,speedpaint_grimblack_thru_absolution green      (1).docx
Army Painter,Speedpaint 2.0,Ancient Honey,speedpaint_grimblack_thru_absolution green      (1).docx
Army Painter,Speedpaint 2.0,Zealot Yellow,speedpaint_grimblack_thru_absolution green      (1).docx
Army Painter,Speedpaint 2.0,Sand Golem,speedpaint_grimblack_thru_absolution green      (1).docx
Army Painter,Speedpaint 2.0,Nuclear Sunrise,speedpaint_grimblack_thru_absolution green      (1).docx
Army Painter,Speedpaint 2.0,Fire Giant Orange,speedpaint_grimblack_thru_absolution green      (1).docx
Army Painter,Speedpaint 2.0,Fire Drake,speedpaint_grimblack_thru_absolution green      (1).docx
Army Painter,Speedpaint 2.0,Aged Hide,speedpaint_grimblack_thru_absolution green      (1).docx
Army Painter,Speedpaint 2.0,Peachy Flesh,speedpaint_grimblack_thru_absolution green      (1).docx
Army Painter,Speedpaint 2.0,Crusader Skin,speedpaint_grimblack_thru_absolution green      (1).docx
Army Painter,Speedpaint 2.0,Bony Matter,speedpaint_grimblack_thru_absolution green      (1).docx
Army Painter,Speedpaint 2.0,Pallid Bone,speedpaint_grimblack_thru_absolution green      (1).docx
Army Painter,Speedpaint 2.0,Burnt Moss,speedpaint_grimblack_thru_absolution green      (1).docx
Army Painter,Speedpaint 2.0,Gunner Camo,speedpaint_grimblack_thru_absolution green      (1).docx
Army Painter,Speedpaint 2.0,Absolution Green,speedpaint_grimblack_thru_absolution green      (1).docx
Army Painter,Speedpaint 2.0,Orc Skin,speedpaint_orkskin_thru_periwinklepurple(1).docx
Army Painter,Speedpaint 2.0,Mummified Grime,speedpaint_orkskin_thru_periwinklepurple(1).docx
Army Painter,Speedpaint 2.0,Camo Cloak,speedpaint_orkskin_thru_periwinklepurple(1).docx
Army Painter,Speedpaint 2.0,Shamrock Green,speedpaint_orkskin_thru_periwinklepurple(1).docx
Army Painter,Speedpaint 2.0,Ghoul Green,speedpaint_orkskin_thru_periwinklepurple(1).docx
Army Painter,Speedpaint 2.0,Forest Sprite,speedpaint_orkskin_thru_periwinklepurple(1).docx
Army Painter,Speedpaint 2.0,Brownish Decay,speedpaint_orkskin_thru_periwinklepurple(1).docx
Army Painter,Speedpaint 2.0,Desolate Brown,speedpaint_orkskin_thru_periwinklepurple(1).docx
Army Painter,Speedpaint 2.0,Algae Green,speedpaint_orkskin_thru_periwinklepurple(1).docx
Army Painter,Speedpaint 2.0,Ghillie Dew,speedpaint_orkskin_thru_periwinklepurple(1).docx
Army Painter,Speedpaint 2.0,Charming Chartreuse,speedpaint_orkskin_thru_periwinklepurple(1).docx
Army Painter,Speedpaint 2.0,Malignant Green,speedpaint_orkskin_thru_periwinklepurple(1).docx
Army Painter,Speedpaint 2.0,Maggot Skin,speedpaint_orkskin_thru_periwinklepurple(1).docx
Army Painter,Speedpaint 2.0,Rigor Mortis,speedpaint_orkskin_thru_periwinklepurple(1).docx
Army Painter,Speedpaint 2.0,Ochre Clay,speedpaint_orkskin_thru_periwinklepurple(1).docx
Army Painter,Speedpaint 2.0,Tyrian Navy,speedpaint_orkskin_thru_periwinklepurple(1).docx
Army Painter,Speedpaint 2.0,Beowulf Blue,speedpaint_orkskin_thru_periwinklepurple(1).docx
Army Painter,Speedpaint 2.0,Highlord Blue,speedpaint_orkskin_thru_periwinklepurple(1).docx
Army Painter,Speedpaint 2.0,Plasmatic Bolt,speedpaint_orkskin_thru_periwinklepurple(1).docx
Army Painter,Speedpaint 2.0,Thunderbird Blue,speedpaint_orkskin_thru_periwinklepurple(1).docx
Army Painter,Speedpaint 2.0,Lizardfolk Cyan,speedpaint_orkskin_thru_periwinklepurple(1).docx
Army Painter,Speedpaint 2.0,Raging Sea,speedpaint_orkskin_thru_periwinklepurple(1).docx
Army Painter,Speedpaint 2.0,Caribbean Ocean,speedpaint_orkskin_thru_periwinklepurple(1).docx
Army Painter,Speedpaint 2.0,Magic Blue,speedpaint_orkskin_thru_periwinklepurple(1).docx
Army Painter,Speedpaint 2.0,Tidal Wave,speedpaint_orkskin_thru_periwinklepurple(1).docx
Army Painter,Speedpaint 2.0,Royal Robes,speedpaint_orkskin_thru_periwinklepurple(1).docx
Army Painter,Speedpaint 2.0,Periwinkle Purple,speedpaint_orkskin_thru_periwinklepurple(1).docx
Army Painter,Speedpaint 2.0,Purple Swarm,speedpaint_purpleswarm_thru_medium(1).docx
Army Painter,Speedpaint 2.0,Hive Dweller Purple,speedpaint_purpleswarm_thru_medium(1).docx
Army Painter,Speedpaint 2.0,Moody Mauve,speedpaint_purpleswarm_thru_medium(1).docx
Army Painter,Speedpaint 2.0,Moonlake Coral,speedpaint_purpleswarm_thru_medium(1).docx
Army Painter,Speedpaint 2.0,Purple Alchemy,speedpaint_purpleswarm_thru_medium(1).docx
Army Painter,Speedpaint 2.0,Howling Sand,speedpaint_purpleswarm_thru_medium(1).docx
Army Painter,Speedpaint 2.0,Pastel Yellow,speedpaint_purpleswarm_thru_medium(1).docx
Army Painter,Speedpaint 2.0,Pastel Salmon,speedpaint_purpleswarm_thru_medium(1).docx
Army Painter,Speedpaint 2.0,Princess Pink,speedpaint_purpleswarm_thru_medium(1).docx
Army Painter,Speedpaint 2.0,Pastel Lavender,speedpaint_purpleswarm_thru_medium(1).docx
Army Painter,Speedpaint 2.0,Pastel Indigo,speedpaint_purpleswarm_thru_medium(1).docx
Army Painter,Speedpaint 2.0,Pastel Seafoam,speedpaint_purpleswarm_thru_medium(1).docx
Army Painter,Speedpaint 2.0,Familiar Pink,speedpaint_purpleswarm_thru_medium(1).docx
